Vehicle Name,Engine Capacity (L),Engine Type,no_of_cylinders,displacement,acceleration,model_year,Petrol (km/L),Diesel (km/L),E5 (km/L),E10 (km/L),E20 (km/L),Efficiency Change E5 (%),Efficiency Change E10 (%),Efficiency Change E20 (%)
Maruti Swift,1.2,Petrol SI,3,2335.96,11.63,2018,17.9,,17.6,17.2,16.3,-1.7,-3.9,-8.9
Hyundai i20,1.2,Petrol SI,4,1979.41,11.35,2014,20.3,,19.9,19.4,18.9,-2,-4.4,-6.9
Tata Altroz,1.2,Petrol SI,3,1480.96,8.18,2014,22,,21.6,21.2,20.1,-1.8,-3.6,-8.6
Honda City,1.5,Petrol SI,3,2590.35,10.39,2003,21.9,,21.5,20.9,19.9,-1.8,-4.6,-9.1
Maruti Baleno,1.2,Petrol SI,3,2306.41,10.66,2006,19.9,,19.4,18.8,18.2,-2.5,-5.5,-8.5
Toyota Glanza,1.2,Flex-Fuel,4,1157.76,10.79,2012,14,,13.8,13.5,12.6,-1.4,-3.6,-10
Maruti Dzire,1.2,Petrol SI,3,2804.04,12.06,2002,20.9,,20.5,19.8,18.7,-1.9,-5.3,-10.5
Hyundai Verna,1.5,Petrol SI,3,2609.58,11.74,2015,13.5,,13.2,12.7,12.4,-2.2,-5.9,-8.1
Kia Seltos,1.5,Petrol SI,3,2889.56,12.26,2008,19.5,,19.1,18.6,17.7,-2.1,-4.6,-9.2
Skoda Slavia,1,Petrol SI,4,2396.58,13.35,2007,18.5,,18.3,17.7,17.1,-1.1,-4.3,-7.6
VW Virtus,1,Petrol SI,3,2149.51,13.69,2019,13.5,,13.3,12.9,12.3,-1.5,-4.4,-8.9
Renault Kwid,1,Petrol SI,3,1720.13,13.03,2012,18.7,,18.4,18.1,17.1,-1.6,-3.2,-8.6
Maruti WagonR,1,Petrol SI,3,2852,14.69,2016,15.7,,15.5,14.8,14.3,-1.3,-5.7,-8.9
Maruti Alto K10,1,Petrol SI,3,2705.34,8.13,2016,21.6,,21,20.6,19.7,-2.8,-4.6,-8.8
Hyundai Creta,1.5,Petrol SI,4,899.48,9.37,2016,20.8,,20.4,20.1,18.8,-1.9,-3.4,-9.6
Mahindra Thar,2,Petrol SI,3,858.01,8.05,2000,16,,15.8,15.3,14.6,-1.2,-4.4,-8.8
Toyota Innova Hycross,2,Petrol SI,4,1628.22,12.53,2007,12.5,,12.4,12.1,11.6,-0.8,-3.2,-7.2
Honda Amaze,1.2,Petrol SI,4,2583.22,14.29,2018,14.6,,14.2,14.1,13,-2.7,-3.4,-11
Tata Tiago,1.2,Petrol SI,4,2972.01,9.7,2005,15.3,,15.1,14.6,14.3,-1.3,-4.6,-6.5
Nissan Magnite,1,Petrol SI,3,1130.92,14.49,2002,21.7,,21.1,20.5,19.5,-2.8,-5.5,-10.1
Renault Kiger,1,Petrol SI,4,2107.09,8.42,2004,16,,15.6,15.1,15,-2.5,-5.6,-6.2
Kia Sonet,1.2,Petrol SI,3,1637.96,14.54,2012,14.7,,14.5,13.9,13.4,-1.4,-5.4,-8.8
MG Hector,1.5,Petrol SI,4,2933.81,10.46,2014,16.2,,15.9,15.3,14.7,-1.9,-5.6,-9.3
Toyota Urban Cruiser,1.5,Petrol SI,4,2652.66,8.71,2013,17.4,,16.9,16.5,16.3,-2.9,-5.2,-6.3
Tata Punch,1.2,Petrol SI,4,2644.32,11.4,2022,13.8,,13.6,13.1,12.7,-1.4,-5.1,-8
Hyundai Aura,1.2,Petrol SI,4,1831.12,9.8,2015,13.5,,13.3,13,12.4,-1.5,-3.7,-8.1
Maruti Brezza,1.5,Petrol SI,4,1712.6,9.99,2017,13.7,,13.5,13.1,12.4,-1.5,-4.4,-9.5
Honda Jazz,1.2,Petrol SI,4,1401.5,10.15,2021,19.2,,18.8,18.6,17.1,-2.1,-3.1,-10.9
Skoda Kushaq,1,Petrol SI,4,924.03,13.62,2021,12.1,,11.8,11.6,10.9,-2.5,-4.1,-9.9
Mahindra XUV300,1.2,Petrol SI,4,2702.39,11.77,2010,16.7,,16.5,15.8,15,-1.2,-5.4,-10.2
Maruti Celerio,1,Petrol SI,3,2588.38,10.18,2002,19.4,,18.9,18.4,18,-2.6,-5.2,-7.2
Tata Nexon,1.2,Petrol SI,3,2999.38,12.27,2021,21.4,,21,20.6,19.5,-1.9,-3.7,-8.9
Toyota Fortuner,2.7,Petrol SI,4,2992.6,13.01,2009,16.5,,16.3,15.8,15.4,-1.2,-4.2,-6.7
Hyundai Tucson,2,Petrol SI,4,2021.95,9.91,2009,21.4,,20.8,20.8,19.8,-2.8,-2.8,-7.5
Maruti Ciaz,1.5,Petrol SI,4,2491.77,10.89,2020,19,,18.8,18,17.1,-1.1,-5.3,-10
Honda WR-V,1.2,Petrol SI,3,2878.48,8.85,2015,18.1,,17.8,17.3,16.4,-1.7,-4.4,-9.4
Hyundai Venue,1.2,Petrol SI,4,2669.22,9.27,2011,21.3,,21,20.3,19.2,-1.4,-4.7,-9.9
Kia Carens,1.5,Petrol SI,3,1344.17,12.77,2001,19,,18.5,18.2,16.9,-2.6,-4.2,-11.1
Maruti Ertiga,1.5,Petrol SI,3,1791.2,9.27,2008,18.6,,18.1,17.8,16.9,-2.7,-4.3,-9.1
Toyota Camry,2.5,Petrol SI,3,1084.15,11.68,2023,11.3,,11.1,11,10.3,-1.8,-2.7,-8.8
Mahindra Scorpio-N,2,Petrol SI,3,2898.91,12.96,2002,13.7,,13.4,13.3,12.6,-2.2,-2.9,-8
Tata Harrier,2,Diesel CI,3,2133.58,8.75,2023,,14.8,,,,,,
Mahindra XUV700,2.2,Diesel CI,4,1303.01,11.97,2024,,19.9,,,,,,
Hyundai Creta,1.5,Diesel CI,4,2277.74,9.8,2014,,18.1,,,,,,
Kia Seltos,1.5,Diesel CI,4,2159.88,14.74,2002,,14.8,,,,,,
Toyota Innova Crysta,2.4,Diesel CI,4,1587.96,11.38,2018,,15.4,,,,,,
Mahindra Bolero,1.5,Diesel CI,4,1049.83,13.64,2017,,14.1,,,,,,
Tata Safari,2,Diesel CI,3,2277.46,11.85,2007,,18.3,,,,,,
Hyundai Alcazar,1.5,Diesel CI,4,1944.68,8.3,2016,,14.1,,,,,,
MG Hector Plus,2,Diesel CI,4,2499.1,12.43,2007,,19,,,,,,
Skoda Octavia,2,Diesel CI,3,1944.36,14.66,2006,,19.7,,,,,,
Renault Duster,1.5,Diesel CI,4,2674.8,12.21,2006,,16.1,,,,,,
Ford EcoSport,1.5,Petrol SI,3,2014.2,13.73,2002,15.3,,14.9,14.6,14.4,-2.6,-4.6,-5.9
Ford EcoSport,1.5,Diesel CI,4,2034.06,14.19,2000,,16.5,,,,,,
Jeep Compass,2,Diesel CI,3,2728.64,9.6,2003,,18.7,,,,,,
Jeep Meridian,2,Diesel CI,4,1687.66,9.48,2024,,18.6,,,,,,
Isuzu D-Max,2.5,Diesel CI,4,1094.83,12.28,2004,,15.3,,,,,,
Toyota Hilux,2.8,Diesel CI,3,863.32,10.88,2000,,16.5,,,,,,
Kia Carnival,2.2,Diesel CI,3,2461.3,13.88,2014,,15.7,,,,,,
Maruti Swift,1.2,Petrol SI,3,2164.68,14.3,2004,13.6,,13.3,12.9,12.2,-2.2,-5.1,-10.3
Hyundai i20,1.2,Petrol SI,3,2348.98,10.47,2012,14.4,,14,13.9,13.1,-2.8,-3.5,-9
Tata Altroz,1.2,Petrol SI,3,1268.52,9.66,2007,14.3,,14.1,13.6,12.7,-1.4,-4.9,-11.2
Honda City,1.5,Petrol SI,3,1100.02,13.46,2007,21.4,,21.1,20.3,20.1,-1.4,-5.1,-6.1
Maruti Baleno,1.2,Petrol SI,3,832,9.92,2004,21.1,,20.5,19.9,19.2,-2.8,-5.7,-9
Toyota Glanza,1.2,Flex-Fuel,3,1571.29,13.76,2008,17.8,,17.5,16.8,15.9,-1.7,-5.6,-10.7
Maruti Dzire,1.2,Petrol SI,4,2097.82,10.97,2000,21.1,,20.7,19.9,19.3,-1.9,-5.7,-8.5
Hyundai Verna,1.5,Petrol SI,4,1662.94,12.67,2003,21,,20.8,20.2,19.4,-1,-3.8,-7.6
Kia Seltos,1.5,Petrol SI,3,1762.44,8.67,2002,16.5,,16.3,15.5,14.9,-1.2,-6.1,-9.7
Skoda Slavia,1,Petrol SI,4,2789.15,12.37,2001,21,,20.5,20.1,19.2,-2.4,-4.3,-8.6
VW Virtus,1,Petrol SI,4,1566.16,11.16,2007,11.2,,11.1,10.7,10.5,-0.9,-4.5,-6.2
Renault Kwid,1,Petrol SI,4,1930.78,12.11,2022,20.3,,19.9,19.2,18.4,-2,-5.4,-9.4
Maruti WagonR,1,Petrol SI,4,2524.04,9.18,2008,20,,19.6,19.1,18.7,-2,-4.5,-6.5
Maruti Alto K10,1,Petrol SI,3,1672.39,13.16,2001,13.3,,13,12.6,12.3,-2.3,-5.3,-7.5
Hyundai Creta,1.5,Petrol SI,4,2168.59,14.04,2013,19.2,,18.7,18.3,17.2,-2.6,-4.7,-10.4
Mahindra Thar,2,Petrol SI,3,2697.2,9.52,2013,21.4,,21,20.6,20,-1.9,-3.7,-6.5
Toyota Innova Hycross,2,Petrol SI,4,2888.95,8.67,2003,13.9,,13.7,13.2,12.5,-1.4,-5,-10.1
Honda Amaze,1.2,Petrol SI,4,1123.56,8.17,2005,11.8,,11.6,11.4,11,-1.7,-3.4,-6.8
Tata Tiago,1.2,Petrol SI,4,2838.49,12.49,2010,11.3,,11.1,10.8,10.3,-1.8,-4.4,-8.8
Nissan Magnite,1,Petrol SI,3,1882.66,12.25,2002,15.1,,14.7,14.4,14,-2.6,-4.6,-7.3
Renault Kiger,1,Petrol SI,4,1368.14,11.83,2007,18.6,,18,18,16.6,-3.2,-3.2,-10.8
Kia Sonet,1.2,Petrol SI,3,1810.1,9.62,2002,21.6,,21.1,20.6,19.4,-2.3,-4.6,-10.2
MG Hector,1.5,Petrol SI,4,2956.07,10.74,2013,17.5,,17.1,16.5,15.7,-2.3,-5.7,-10.3
Toyota Urban Cruiser,1.5,Petrol SI,3,1883.76,12.16,2012,13,,12.8,12.4,11.7,-1.5,-4.6,-10
Tata Punch,1.2,Petrol SI,4,1523.25,11.48,2012,16.3,,16,15.8,15.2,-1.8,-3.1,-6.7
Hyundai Aura,1.2,Petrol SI,3,2193.48,14.91,2001,18.1,,17.7,17.2,16.7,-2.2,-5,-7.7
Maruti Brezza,1.5,Petrol SI,3,1328.32,8.96,2012,21.4,,20.8,20.6,19.1,-2.8,-3.7,-10.7
Honda Jazz,1.2,Petrol SI,4,966.9,12.87,2018,17.5,,17.1,16.6,15.7,-2.3,-5.1,-10.3
Skoda Kushaq,1,Petrol SI,3,1083.54,10.83,2005,18.8,,18.3,17.9,17.4,-2.7,-4.8,-7.4
Mahindra XUV300,1.2,Petrol SI,4,1081.7,11,2015,17.4,,16.9,16.7,15.5,-2.9,-4,-10.9
Maruti Celerio,1,Petrol SI,4,1134.19,13.02,2001,20.4,,20.1,19.6,19,-1.5,-3.9,-6.9
Tata Nexon,1.2,Petrol SI,4,1105.42,12.85,2007,14.5,,14.1,13.7,13.4,-2.8,-5.5,-7.6
Toyota Fortuner,2.7,Petrol SI,4,2209.92,14.94,2016,21.4,,21.2,20.5,19.8,-0.9,-4.2,-7.5
Hyundai Tucson,2,Petrol SI,4,1200.14,8.9,2022,18,,17.8,17.4,16.8,-1.1,-3.3,-6.7
Maruti Ciaz,1.5,Petrol SI,4,1560.47,8.73,2001,17.1,,16.7,16.3,15.6,-2.3,-4.7,-8.8
Honda WR-V,1.2,Petrol SI,4,2772.93,13.07,2009,15.8,,15.4,14.9,14.8,-2.5,-5.7,-6.3
Hyundai Venue,1.2,Petrol SI,4,1842.72,12.05,2015,16.5,,16,15.6,15.4,-3,-5.5,-6.7
Kia Carens,1.5,Petrol SI,4,2268.63,9.92,2005,16.4,,16.1,15.8,14.9,-1.8,-3.7,-9.1
Maruti Ertiga,1.5,Petrol SI,4,1179.1,8.56,2001,15.4,,14.9,14.9,13.7,-3.2,-3.2,-11
Toyota Camry,2.5,Petrol SI,4,1223.04,8.6,2001,11.2,,10.9,10.8,10.4,-2.7,-3.6,-7.1
Mahindra Scorpio-N,2,Petrol SI,3,889.91,14.26,2012,19.3,,18.9,18.1,17.6,-2.1,-6.2,-8.8
Tata Harrier,2,Diesel CI,3,1171.66,9.34,2023,,18.6,,,,,,
Mahindra XUV700,2.2,Diesel CI,4,1412.9,10.26,2014,,16.2,,,,,,
Hyundai Creta,1.5,Diesel CI,4,1189.42,9.59,2001,,16.9,,,,,,
Kia Seltos,1.5,Diesel CI,4,995.15,10.48,2006,,15.3,,,,,,
Toyota Innova Crysta,2.4,Diesel CI,4,1065.4,8.49,2002,,15.5,,,,,,
Mahindra Bolero,1.5,Diesel CI,4,1813.71,11.63,2007,,14.1,,,,,,
Tata Safari,2,Diesel CI,4,1253.93,8.47,2022,,18.8,,,,,,
Hyundai Alcazar,1.5,Diesel CI,4,1601.39,13.6,2013,,19,,,,,,
MG Hector Plus,2,Diesel CI,4,1907.52,9.64,2023,,14.5,,,,,,
Skoda Octavia,2,Diesel CI,3,2318.87,11.78,2022,,18.9,,,,,,
Renault Duster,1.5,Diesel CI,4,886.49,14.16,2021,,14.5,,,,,,
Ford EcoSport,1.5,Petrol SI,3,2558.7,12.56,2006,11.5,,11.3,10.9,10.5,-1.7,-5.2,-8.7
Ford EcoSport,1.5,Diesel CI,4,2181.38,11.73,2020,,14.8,,,,,,
Jeep Compass,2,Diesel CI,4,979.87,10.27,2006,,18.8,,,,,,
Jeep Meridian,2,Diesel CI,3,2721.87,10.33,2000,,17.3,,,,,,
Isuzu D-Max,2.5,Diesel CI,4,2825.92,12.69,2016,,18,,,,,,
Toyota Hilux,2.8,Diesel CI,3,934.37,14.96,2008,,19.3,,,,,,
Kia Carnival,2.2,Diesel CI,4,1409.13,12.63,2020,,17.8,,,,,,
Maruti Swift,1.2,Petrol SI,4,2573.64,11.9,2012,21.5,,21,20.8,19.7,-2.3,-3.3,-8.4
Hyundai i20,1.2,Petrol SI,3,2446.17,13.11,2020,21.8,,21.4,21,20.3,-1.8,-3.7,-6.9
Tata Altroz,1.2,Petrol SI,4,1205.95,11.26,2018,20.9,,20.3,20.1,18.6,-2.9,-3.8,-11
Honda City,1.5,Petrol SI,3,1260.57,8.42,2020,17.1,,16.6,16.3,15.5,-2.9,-4.7,-9.4
Maruti Baleno,1.2,Petrol SI,4,1615.04,11.94,2018,13.3,,13.1,12.7,11.9,-1.5,-4.5,-10.5
Toyota Glanza,1.2,Flex-Fuel,3,1865.95,14.7,2024,12.5,,12.4,12.1,11.1,-0.8,-3.2,-11.2
Maruti Dzire,1.2,Petrol SI,3,2160.16,9.23,2024,14.1,,13.7,13.4,12.8,-2.8,-5,-9.2
Hyundai Verna,1.5,Petrol SI,4,1611.61,12.83,2021,18.7,,18.2,18.1,17,-2.7,-3.2,-9.1
Kia Seltos,1.5,Petrol SI,4,1817.58,9.41,2016,14.4,,14,13.7,13,-2.8,-4.9,-9.7
Skoda Slavia,1,Petrol SI,3,2444.44,11.75,2022,11,,10.7,10.4,9.9,-2.7,-5.5,-10
VW Virtus,1,Petrol SI,4,880.7,8.68,2022,21.8,,21.5,20.7,19.9,-1.4,-5,-8.7
Renault Kwid,1,Petrol SI,4,1355.36,11.15,2009,21.8,,21.5,20.7,20.2,-1.4,-5,-7.3
Maruti WagonR,1,Petrol SI,4,2369.37,13.29,2009,14,,13.8,13.5,13.1,-1.4,-3.6,-6.4
Maruti Alto K10,1,Petrol SI,3,2769.46,10.43,2003,21.5,,21,20.3,19.4,-2.3,-5.6,-9.8
Hyundai Creta,1.5,Petrol SI,3,1925.69,12.65,2007,12.5,,12.2,11.9,11.6,-2.4,-4.8,-7.2
Mahindra Thar,2,Petrol SI,3,1970.65,13.57,2021,18,,17.5,17.1,16.5,-2.8,-5,-8.3
Toyota Innova Hycross,2,Petrol SI,3,1035.78,14.49,2019,21.7,,21.2,20.5,20.3,-2.3,-5.5,-6.5
Honda Amaze,1.2,Petrol SI,3,1784.31,9.64,2019,17,,16.7,16.2,15.3,-1.8,-4.7,-10
Tata Tiago,1.2,Petrol SI,3,1971.76,10.8,2017,21.3,,21,20.1,19.8,-1.4,-5.6,-7
Nissan Magnite,1,Petrol SI,3,1333.44,9.07,2013,17.8,,17.6,16.9,16.5,-1.1,-5.1,-7.3
Renault Kiger,1,Petrol SI,3,1392.34,14.95,2017,16.6,,16.3,16,15.2,-1.8,-3.6,-8.4
Kia Sonet,1.2,Petrol SI,3,1630.03,14.49,2013,21.2,,20.8,20.1,19.4,-1.9,-5.2,-8.5
MG Hector,1.5,Petrol SI,4,844.16,11.78,2019,21.9,,21.6,21.1,19.7,-1.4,-3.7,-10
Toyota Urban Cruiser,1.5,Petrol SI,3,1508.57,13.89,2020,11.1,,10.9,10.5,10.3,-1.8,-5.4,-7.2
Tata Punch,1.2,Petrol SI,4,1265.19,11.65,2023,17.9,,17.4,16.9,16.3,-2.8,-5.6,-8.9
Hyundai Aura,1.2,Petrol SI,4,1520.49,12.37,2014,15.7,,15.3,15.1,14.2,-2.5,-3.8,-9.6
Maruti Brezza,1.5,Petrol SI,4,1063.48,8.62,2021,11.2,,11,10.5,10.5,-1.8,-6.2,-6.2
Honda Jazz,1.2,Petrol SI,3,2759.16,13.29,2003,14.2,,14,13.7,12.8,-1.4,-3.5,-9.9
Skoda Kushaq,1,Petrol SI,3,2105.9,8.89,2012,14.3,,14.2,13.7,13.2,-0.7,-4.2,-7.7
Mahindra XUV300,1.2,Petrol SI,3,2294.03,13.78,2022,19.1,,18.8,18.1,17.9,-1.6,-5.2,-6.3
Maruti Celerio,1,Petrol SI,3,2536.18,13.47,2007,11.9,,11.7,11.5,10.7,-1.7,-3.4,-10.1
Tata Nexon,1.2,Petrol SI,4,1896.57,12.96,2017,18.1,,17.8,17.3,16.1,-1.7,-4.4,-11
Toyota Fortuner,2.7,Petrol SI,3,991.22,8.25,2011,12.6,,12.3,11.9,11.6,-2.4,-5.6,-7.9
Hyundai Tucson,2,Petrol SI,3,1981.63,10.12,2022,17.5,,17,16.5,15.7,-2.9,-5.7,-10.3
Maruti Ciaz,1.5,Petrol SI,3,2091.05,9.84,2013,16.3,,16,15.4,14.7,-1.8,-5.5,-9.8
Honda WR-V,1.2,Petrol SI,3,2439.97,10.52,2001,21.6,,21.1,20.5,19.5,-2.3,-5.1,-9.7
Hyundai Venue,1.2,Petrol SI,3,1749.65,8.61,2017,15.8,,15.4,15.1,14.8,-2.5,-4.4,-6.3
Kia Carens,1.5,Petrol SI,4,1080.68,14.56,2023,11.5,,11.2,11.1,10.7,-2.6,-3.5,-7
Maruti Ertiga,1.5,Petrol SI,3,1424.31,11.88,2001,17.7,,17.4,17.1,16.3,-1.7,-3.4,-7.9
Toyota Camry,2.5,Petrol SI,4,1598.78,10.14,2010,14.3,,14.1,13.7,12.8,-1.4,-4.2,-10.5
Mahindra Scorpio-N,2,Petrol SI,3,2221.02,10.78,2008,14.5,,14.1,13.8,13.3,-2.8,-4.8,-8.3
Tata Harrier,2,Diesel CI,4,2055.71,11.13,2011,,17,,,,,,
Mahindra XUV700,2.2,Diesel CI,3,1583.41,12.2,2016,,16,,,,,,
Hyundai Creta,1.5,Diesel CI,3,2970.33,11.61,2014,,16.8,,,,,,
Kia Seltos,1.5,Diesel CI,4,2132.7,14.44,2024,,16.9,,,,,,
Toyota Innova Crysta,2.4,Diesel CI,4,1321.9,11.48,2016,,14,,,,,,
Mahindra Bolero,1.5,Diesel CI,4,1023.92,14.95,2017,,16,,,,,,
Tata Safari,2,Diesel CI,3,1136.29,13.96,2021,,16.3,,,,,,
Hyundai Alcazar,1.5,Diesel CI,4,1341.11,9.46,2005,,16,,,,,,
MG Hector Plus,2,Diesel CI,3,1153.5,14.51,2016,,14.3,,,,,,
Skoda Octavia,2,Diesel CI,3,1210.45,8.81,2022,,15.6,,,,,,
Renault Duster,1.5,Diesel CI,4,1427.21,13.72,2023,,18.7,,,,,,
Ford EcoSport,1.5,Petrol SI,4,1181.42,10.66,2017,12,,11.9,11.6,11.1,-0.8,-3.3,-7.5
Ford EcoSport,1.5,Diesel CI,3,2772.88,14.15,2007,,17.7,,,,,,
Jeep Compass,2,Diesel CI,3,976.51,14.08,2008,,18.3,,,,,,
Jeep Meridian,2,Diesel CI,4,1953.93,13.64,2005,,15.1,,,,,,
Isuzu D-Max,2.5,Diesel CI,4,1702.87,13.53,2004,,18.4,,,,,,
Toyota Hilux,2.8,Diesel CI,4,2961.23,10.13,2011,,15,,,,,,
Kia Carnival,2.2,Diesel CI,3,1046.49,8.57,2024,,16.3,,,,,,
Maruti Swift,1.2,Petrol SI,3,1675.28,10.82,2010,17.5,,17,16.9,16,-2.9,-3.4,-8.6
Hyundai i20,1.2,Petrol SI,3,2932.83,9.21,2024,14.8,,14.5,14,13.5,-2,-5.4,-8.8
Tata Altroz,1.2,Petrol SI,3,2704.12,12.86,2000,20.9,,20.7,19.7,18.7,-1,-5.7,-10.5
Honda City,1.5,Petrol SI,3,2597.56,10.42,2010,15.4,,15.2,14.7,13.8,-1.3,-4.5,-10.4
Maruti Baleno,1.2,Petrol SI,3,1367.39,14.83,2018,11.8,,11.7,11.4,10.8,-0.8,-3.4,-8.5
Toyota Glanza,1.2,Flex-Fuel,4,1175.95,12.49,2008,17.3,,17,16.5,15.7,-1.7,-4.6,-9.2
Maruti Dzire,1.2,Petrol SI,3,2271.02,13.76,2001,12.6,,12.2,12.1,11.6,-3.2,-4,-7.9
Hyundai Verna,1.5,Petrol SI,3,2844.63,8.93,2011,21.3,,20.8,20.1,19.6,-2.3,-5.6,-8
Kia Seltos,1.5,Petrol SI,3,2024.88,14.03,2003,19.4,,18.9,18.7,17.6,-2.6,-3.6,-9.3
Skoda Slavia,1,Petrol SI,4,2057.55,14.46,2003,12.2,,11.9,11.6,11.1,-2.5,-4.9,-9
VW Virtus,1,Petrol SI,3,1415.95,11.41,2017,18.7,,18.2,17.9,16.7,-2.7,-4.3,-10.7
Renault Kwid,1,Petrol SI,3,2492.88,12.24,2014,18.2,,17.7,17.3,16.9,-2.7,-4.9,-7.1
Maruti WagonR,1,Petrol SI,4,1211.5,13.35,2018,11.2,,11,10.8,10.5,-1.8,-3.6,-6.2
Maruti Alto K10,1,Petrol SI,3,1512.09,9.22,2012,15.4,,15,14.6,13.8,-2.6,-5.2,-10.4
Hyundai Creta,1.5,Petrol SI,3,1735.96,11.52,2018,17,,16.8,16,15.6,-1.2,-5.9,-8.2
Mahindra Thar,2,Petrol SI,3,1916.74,10.79,2016,12,,11.8,11.4,10.7,-1.7,-5,-10.8
Toyota Innova Hycross,2,Petrol SI,3,1333.3,9.02,2005,12.9,,12.6,12.4,12.1,-2.3,-3.9,-6.2
Honda Amaze,1.2,Petrol SI,3,1052.64,10.57,2015,13.8,,13.4,13.3,12.6,-2.9,-3.6,-8.7
Tata Tiago,1.2,Petrol SI,4,2143.36,8.48,2023,13.9,,13.5,13.4,12.7,-2.9,-3.6,-8.6
Nissan Magnite,1,Petrol SI,4,1434.99,8.18,2011,21.1,,20.7,20,18.9,-1.9,-5.2,-10.4
Renault Kiger,1,Petrol SI,4,2078.72,8.95,2018,18.3,,18.1,17.7,17.1,-1.1,-3.3,-6.6
Kia Sonet,1.2,Petrol SI,3,1139.6,14.74,2004,12.6,,12.2,12.1,11.7,-3.2,-4,-7.1
MG Hector,1.5,Petrol SI,3,1858.51,11.85,2016,17.5,,17.3,16.6,15.7,-1.1,-5.1,-10.3
Toyota Urban Cruiser,1.5,Petrol SI,3,1971.7,14.76,2022,13.4,,13.2,12.9,11.9,-1.5,-3.7,-11.2
Tata Punch,1.2,Petrol SI,4,914.01,11.03,2000,15,,14.7,14.2,13.6,-2,-5.3,-9.3
Hyundai Aura,1.2,Petrol SI,3,1540.53,10.18,2024,14.4,,14.2,13.7,13.4,-1.4,-4.9,-6.9
Maruti Brezza,1.5,Petrol SI,3,1095.71,11.54,2023,18.1,,17.7,17.2,16.1,-2.2,-5,-11
Honda Jazz,1.2,Petrol SI,4,939.42,11.08,2022,14.4,,14,13.6,13.2,-2.8,-5.6,-8.3
Skoda Kushaq,1,Petrol SI,3,2977.91,8.74,2009,17.1,,16.9,16.6,15.4,-1.2,-2.9,-9.9
Mahindra XUV300,1.2,Petrol SI,4,1509.18,12.49,2014,15.2,,15,14.7,14.1,-1.3,-3.3,-7.2
Maruti Celerio,1,Petrol SI,4,2581.72,9.51,2022,11.6,,11.4,11,10.8,-1.7,-5.2,-6.9
Tata Nexon,1.2,Petrol SI,4,1360.21,12.34,2020,18.4,,18.1,17.7,16.7,-1.6,-3.8,-9.2
Toyota Fortuner,2.7,Petrol SI,3,2299.31,12.55,2020,12.6,,12.4,12.1,11.8,-1.6,-4,-6.3
Hyundai Tucson,2,Petrol SI,3,2472.5,9.06,2010,21.7,,21.3,20.9,19.4,-1.8,-3.7,-10.6
Maruti Ciaz,1.5,Petrol SI,3,2110.41,8.43,2012,15.8,,15.4,15,14.6,-2.5,-5.1,-7.6
Honda WR-V,1.2,Petrol SI,3,1837.47,13.47,2004,17.4,,17.1,16.4,15.5,-1.7,-5.7,-10.9
Hyundai Venue,1.2,Petrol SI,3,1706.05,11.22,2000,21.3,,20.8,20.1,20,-2.3,-5.6,-6.1
Kia Carens,1.5,Petrol SI,3,1567.51,8.41,2023,15.6,,15.2,14.7,14.4,-2.6,-5.8,-7.7
Maruti Ertiga,1.5,Petrol SI,3,2844.96,14.96,2011,12.1,,11.9,11.4,10.8,-1.7,-5.8,-10.7
Toyota Camry,2.5,Petrol SI,4,2627.36,8.4,2010,16.5,,16.3,15.7,15.1,-1.2,-4.8,-8.5
Mahindra Scorpio-N,2,Petrol SI,3,2923.06,12.87,2016,15.2,,14.8,14.4,13.6,-2.6,-5.3,-10.5
Tata Harrier,2,Diesel CI,4,1073.45,14.89,2003,,16,,,,,,
Mahindra XUV700,2.2,Diesel CI,3,2407.91,9.67,2014,,18.9,,,,,,
Hyundai Creta,1.5,Diesel CI,3,2864.35,9,2024,,16.1,,,,,,
Kia Seltos,1.5,Diesel CI,3,1198.71,8.85,2008,,15.1,,,,,,
Toyota Innova Crysta,2.4,Diesel CI,4,946.29,10.12,2020,,16.3,,,,,,
Mahindra Bolero,1.5,Diesel CI,4,2430.47,8.71,2019,,16.8,,,,,,
Tata Safari,2,Diesel CI,4,2063.84,12.85,2018,,19.8,,,,,,
Hyundai Alcazar,1.5,Diesel CI,4,2652.02,8.44,2018,,17.1,,,,,,
MG Hector Plus,2,Diesel CI,3,1107.5,11.57,2011,,14.5,,,,,,
Skoda Octavia,2,Diesel CI,4,2549.59,14.98,2004,,15,,,,,,
Renault Duster,1.5,Diesel CI,3,1243.58,13.7,2009,,17.1,,,,,,
Ford EcoSport,1.5,Petrol SI,3,1160.04,12.31,2016,11.7,,11.6,11.2,10.6,-0.9,-4.3,-9.4
Ford EcoSport,1.5,Diesel CI,4,1161.38,10.14,2004,,16.4,,,,,,
Jeep Compass,2,Diesel CI,4,2592.06,12.37,2021,,16.1,,,,,,
Jeep Meridian,2,Diesel CI,4,2263.43,11.69,2015,,14.9,,,,,,
Isuzu D-Max,2.5,Diesel CI,4,1950.74,10.98,2006,,18.9,,,,,,
Toyota Hilux,2.8,Diesel CI,4,1589.43,8.91,2008,,18.3,,,,,,
Kia Carnival,2.2,Diesel CI,4,2729.84,14.21,2002,,17.2,,,,,,
Maruti Swift,1.2,Petrol SI,4,1663.38,11.15,2014,20.5,,19.9,19.7,18.9,-2.9,-3.9,-7.8
Hyundai i20,1.2,Petrol SI,4,2596.52,9.36,2015,11.8,,11.7,11.4,10.6,-0.8,-3.4,-10.2
Tata Altroz,1.2,Petrol SI,3,1766.1,10.57,2017,18.9,,18.5,18.2,17.6,-2.1,-3.7,-6.9
Honda City,1.5,Petrol SI,4,1629.28,10.9,2013,11.1,,10.8,10.8,10,-2.7,-2.7,-9.9
Maruti Baleno,1.2,Petrol SI,4,1817.9,13.79,2002,18.1,,17.7,17.1,17,-2.2,-5.5,-6.1
Toyota Glanza,1.2,Flex-Fuel,3,1463.03,13.14,2011,13.2,,12.9,12.6,11.9,-2.3,-4.5,-9.8
Maruti Dzire,1.2,Petrol SI,4,2444.74,13.39,2008,11.8,,11.5,11.1,10.7,-2.5,-5.9,-9.3
Hyundai Verna,1.5,Petrol SI,3,1905.98,8.08,2006,21,,20.5,19.8,18.7,-2.4,-5.7,-11
Kia Seltos,1.5,Petrol SI,3,1310.87,10.91,2008,12.6,,12.3,12.1,11.7,-2.4,-4,-7.1
Skoda Slavia,1,Petrol SI,4,2779.06,11.37,2012,17.4,,17.2,16.6,16.4,-1.1,-4.6,-5.7
VW Virtus,1,Petrol SI,3,1644.56,8.13,2017,15.5,,15.2,14.9,14.1,-1.9,-3.9,-9
Renault Kwid,1,Petrol SI,3,1995.82,9.82,2004,21,,20.7,20.2,19.2,-1.4,-3.8,-8.6
Maruti WagonR,1,Petrol SI,3,2794.24,13.32,2012,12.3,,12,11.6,11.2,-2.4,-5.7,-8.9
Maruti Alto K10,1,Petrol SI,3,2173.32,8.96,2003,21,,20.8,19.8,19.2,-1,-5.7,-8.6
Hyundai Creta,1.5,Petrol SI,4,1057.18,11.75,2001,17.2,,16.7,16.4,16,-2.9,-4.7,-7
Mahindra Thar,2,Petrol SI,3,2867.63,9.51,2015,18.6,,18.3,17.6,16.9,-1.6,-5.4,-9.1
Toyota Innova Hycross,2,Petrol SI,4,2180.96,8.08,2008,11.9,,11.7,11.3,10.7,-1.7,-5,-10.1
Honda Amaze,1.2,Petrol SI,3,1536.79,9.69,2008,18.5,,18.1,17.7,16.6,-2.2,-4.3,-10.3
Tata Tiago,1.2,Petrol SI,3,1106.4,14.83,2005,16,,15.6,15.2,15,-2.5,-5,-6.2
Nissan Magnite,1,Petrol SI,3,2546.86,13.61,2010,13.2,,13,12.5,11.8,-1.5,-5.3,-10.6
Renault Kiger,1,Petrol SI,3,2164.16,14.72,2021,12.9,,12.7,12.2,11.5,-1.6,-5.4,-10.9
Kia Sonet,1.2,Petrol SI,4,1973.61,11.41,2023,13.6,,13.4,13.2,12.5,-1.5,-2.9,-8.1
MG Hector,1.5,Petrol SI,4,2766.56,8.77,2021,21.2,,20.9,20.1,19.6,-1.4,-5.2,-7.5
Toyota Urban Cruiser,1.5,Petrol SI,3,2534.91,11.84,2000,17.2,,16.7,16.5,16.2,-2.9,-4.1,-5.8
Tata Punch,1.2,Petrol SI,3,1133.68,11.18,2003,12.7,,12.4,12.1,11.8,-2.4,-4.7,-7.1
Hyundai Aura,1.2,Petrol SI,4,1485.79,13.91,2012,12.4,,12.1,12,11.6,-2.4,-3.2,-6.5
Maruti Brezza,1.5,Petrol SI,3,1346.68,8.69,2022,19.3,,18.9,18.4,17.6,-2.1,-4.7,-8.8
Honda Jazz,1.2,Petrol SI,3,2436.68,11.42,2012,15.8,,15.5,15,14.3,-1.9,-5.1,-9.5
Skoda Kushaq,1,Petrol SI,3,873.77,9.05,2012,12,,11.8,11.5,11.2,-1.7,-4.2,-6.7
Mahindra XUV300,1.2,Petrol SI,4,2053.76,10.27,2001,17.1,,16.6,16.1,15.4,-2.9,-5.8,-9.9
Maruti Celerio,1,Petrol SI,4,2477.41,13.16,2008,16.2,,15.7,15.6,15.1,-3.1,-3.7,-6.8
Tata Nexon,1.2,Petrol SI,4,2728.88,11.33,2023,16.7,,16.3,16.1,15,-2.4,-3.6,-10.2
Toyota Fortuner,2.7,Petrol SI,3,1552.58,10.63,2007,12.7,,12.4,12.2,11.9,-2.4,-3.9,-6.3
Hyundai Tucson,2,Petrol SI,3,2606.77,10.76,2006,18.1,,17.7,17.3,17,-2.2,-4.4,-6.1
Maruti Ciaz,1.5,Petrol SI,4,1043.39,11.22,2003,12,,11.8,11.5,10.9,-1.7,-4.2,-9.2
Honda WR-V,1.2,Petrol SI,4,2662.2,13.5,2017,18.1,,17.6,17.2,16.6,-2.8,-5,-8.3
Hyundai Venue,1.2,Petrol SI,4,1080.48,14.24,2002,20.6,,20.3,19.5,19.1,-1.5,-5.3,-7.3
Kia Carens,1.5,Petrol SI,4,1674.03,14.69,2005,14.8,,14.4,14.3,13.3,-2.7,-3.4,-10.1
Maruti Ertiga,1.5,Petrol SI,3,2554.05,13.51,2011,19.5,,18.9,18.4,18.3,-3.1,-5.6,-6.2
Toyota Camry,2.5,Petrol SI,4,1129.82,10.21,2011,17.5,,17,16.8,16,-2.9,-4,-8.6
Mahindra Scorpio-N,2,Petrol SI,3,1304.35,12.82,2020,15.7,,15.5,14.8,14.7,-1.3,-5.7,-6.4
Tata Harrier,2,Diesel CI,4,2388.96,11.06,2007,,18.2,,,,,,
Mahindra XUV700,2.2,Diesel CI,3,2384.08,9.78,2021,,20,,,,,,
Hyundai Creta,1.5,Diesel CI,4,2210.52,13.89,2021,,19.2,,,,,,
Kia Seltos,1.5,Diesel CI,4,2326.69,8.27,2000,,19.5,,,,,,
Toyota Innova Crysta,2.4,Diesel CI,4,1993.99,14.31,2003,,19.2,,,,,,
Mahindra Bolero,1.5,Diesel CI,4,1353.96,11.23,2020,,19.8,,,,,,
Tata Safari,2,Diesel CI,3,1560.53,12.46,2010,,16.4,,,,,,
Hyundai Alcazar,1.5,Diesel CI,4,1199.51,12.62,2002,,19.3,,,,,,
MG Hector Plus,2,Diesel CI,3,2798.59,14.27,2012,,17.7,,,,,,
Skoda Octavia,2,Diesel CI,3,2083.46,12.46,2024,,19.3,,,,,,
Renault Duster,1.5,Diesel CI,3,1681.87,12.3,2016,,17.4,,,,,,
Ford EcoSport,1.5,Petrol SI,3,1816.41,8.47,2021,15.2,,15,14.7,14.1,-1.3,-3.3,-7.2
Ford EcoSport,1.5,Diesel CI,4,2884.02,11.63,2021,,17.2,,,,,,
Jeep Compass,2,Diesel CI,3,1137.37,9.05,2009,,15.7,,,,,,
Jeep Meridian,2,Diesel CI,3,2089.71,13.16,2020,,15.1,,,,,,
Isuzu D-Max,2.5,Diesel CI,3,1912.96,11.59,2011,,19.8,,,,,,
Toyota Hilux,2.8,Diesel CI,4,2145.2,12.76,2014,,17.6,,,,,,
Kia Carnival,2.2,Diesel CI,4,839.84,8.29,2020,,19.6,,,,,,
Maruti Swift,1.2,Petrol SI,4,2718.67,8.59,2009,21.3,,20.8,20.5,19.6,-2.3,-3.8,-8
Hyundai i20,1.2,Petrol SI,4,2850.66,13.01,2013,11.4,,11.1,11,10.6,-2.6,-3.5,-7
Tata Altroz,1.2,Petrol SI,3,2043.29,8.5,2012,12.4,,12.2,12,11.4,-1.6,-3.2,-8.1
Honda City,1.5,Petrol SI,3,2332.63,8.5,2004,13.1,,12.9,12.4,12.1,-1.5,-5.3,-7.6
Maruti Baleno,1.2,Petrol SI,4,2829.5,8.08,2005,11.7,,11.6,11,10.8,-0.9,-6,-7.7
Toyota Glanza,1.2,Flex-Fuel,3,2355.92,14.7,2023,15.7,,15.5,15,14.7,-1.3,-4.5,-6.4
Maruti Dzire,1.2,Petrol SI,3,1135.59,13.16,2001,14,,13.6,13.4,12.8,-2.9,-4.3,-8.6
Hyundai Verna,1.5,Petrol SI,3,2067.83,10.47,2021,13.1,,12.8,12.5,12,-2.3,-4.6,-8.4
Kia Seltos,1.5,Petrol SI,4,2134.77,10.08,2016,18,,17.8,17,16.4,-1.1,-5.6,-8.9
Skoda Slavia,1,Petrol SI,4,1733.09,10.45,2003,18.9,,18.4,18.3,16.9,-2.6,-3.2,-10.6
VW Virtus,1,Petrol SI,3,2420.18,13.42,2013,13.3,,13.2,12.9,12.1,-0.8,-3,-9
Renault Kwid,1,Petrol SI,4,2855.61,12.63,2009,18,,17.5,17,16.9,-2.8,-5.6,-6.1
Maruti WagonR,1,Petrol SI,4,2836.25,9.3,2002,16.9,,16.7,16.3,15.8,-1.2,-3.6,-6.5
Maruti Alto K10,1,Petrol SI,4,1791.85,9.22,2024,18.2,,17.8,17.1,16.3,-2.2,-6,-10.4
Hyundai Creta,1.5,Petrol SI,4,1049.12,8.69,2002,13.2,,13,12.7,12.3,-1.5,-3.8,-6.8
Mahindra Thar,2,Petrol SI,4,2966.65,12.62,2014,14,,13.6,13.2,12.6,-2.9,-5.7,-10
Toyota Innova Hycross,2,Petrol SI,3,2645.58,13.35,2005,11.1,,10.9,10.5,10.1,-1.8,-5.4,-9
Honda Amaze,1.2,Petrol SI,4,1074.26,9.86,2016,20.5,,19.9,19.5,18.6,-2.9,-4.9,-9.3
Tata Tiago,1.2,Petrol SI,3,2825.85,8.15,2011,20.7,,20.2,20,18.9,-2.4,-3.4,-8.7
Nissan Magnite,1,Petrol SI,3,2713.77,8.58,2021,11.4,,11.2,11,10.3,-1.8,-3.5,-9.6
Renault Kiger,1,Petrol SI,4,1941.44,14.78,2019,13.1,,12.8,12.5,12.2,-2.3,-4.6,-6.9
Kia Sonet,1.2,Petrol SI,3,2100.81,10.07,2023,21.4,,20.9,20.3,19.9,-2.3,-5.1,-7
MG Hector,1.5,Petrol SI,3,1677.81,13.38,2010,14.2,,14,13.7,12.9,-1.4,-3.5,-9.2
Toyota Urban Cruiser,1.5,Petrol SI,3,920.48,12.37,2024,13.6,,13.3,12.8,12.5,-2.2,-5.9,-8.1
Tata Punch,1.2,Petrol SI,4,1537.43,10.67,2003,15.3,,14.9,14.8,14.2,-2.6,-3.3,-7.2
Hyundai Aura,1.2,Petrol SI,4,2566.28,9.44,2005,12,,11.7,11.3,10.7,-2.5,-5.8,-10.8
Maruti Brezza,1.5,Petrol SI,3,810.19,8.85,2000,19.5,,19,18.4,17.9,-2.6,-5.6,-8.2
Honda Jazz,1.2,Petrol SI,4,1533.7,12.31,2019,20.5,,20.2,19.6,18.8,-1.5,-4.4,-8.3
Skoda Kushaq,1,Petrol SI,4,1675.97,13.42,2022,11.7,,11.5,11.1,10.8,-1.7,-5.1,-7.7
Mahindra XUV300,1.2,Petrol SI,4,1982.27,12.51,2015,21.8,,21.3,21.1,19.5,-2.3,-3.2,-10.6
Maruti Celerio,1,Petrol SI,4,2823.68,11.71,2014,20.1,,19.7,18.9,18.1,-2,-6,-10
Tata Nexon,1.2,Petrol SI,3,1561.96,8.29,2016,19.8,,19.5,18.8,18.3,-1.5,-5.1,-7.6
Toyota Fortuner,2.7,Petrol SI,3,1563.3,14.78,2007,13.9,,13.7,13.4,12.5,-1.4,-3.6,-10.1
Hyundai Tucson,2,Petrol SI,4,2422.5,13.59,2011,12.6,,12.3,12,11.5,-2.4,-4.8,-8.7
Maruti Ciaz,1.5,Petrol SI,4,1794.88,10.05,2021,19.1,,18.7,18.4,17.3,-2.1,-3.7,-9.4
Honda WR-V,1.2,Petrol SI,3,1294.13,14.86,2020,11.7,,11.5,11.1,10.6,-1.7,-5.1,-9.4
Hyundai Venue,1.2,Petrol SI,3,1795.37,12.21,2009,20.7,,20.4,19.5,18.7,-1.4,-5.8,-9.7
Kia Carens,1.5,Petrol SI,4,1109.89,12.08,2014,14.2,,14,13.4,12.8,-1.4,-5.6,-9.9
Maruti Ertiga,1.5,Petrol SI,3,1188.05,13.24,2008,16,,15.7,15.1,14.9,-1.9,-5.6,-6.9
Toyota Camry,2.5,Petrol SI,4,1896.41,13.68,2001,20.1,,19.9,19.3,18,-1,-4,-10.4
Mahindra Scorpio-N,2,Petrol SI,4,1721.64,12.6,2004,15.2,,14.8,14.7,13.7,-2.6,-3.3,-9.9
Tata Harrier,2,Diesel CI,3,2812.66,8.9,2005,,18.1,,,,,,
Mahindra XUV700,2.2,Diesel CI,3,1597.27,10.37,2006,,17.5,,,,,,
Hyundai Creta,1.5,Diesel CI,4,2077.29,14.5,2020,,17.4,,,,,,
Kia Seltos,1.5,Diesel CI,4,2190.98,9.57,2024,,18.9,,,,,,
Toyota Innova Crysta,2.4,Diesel CI,3,828.81,10.61,2000,,16.7,,,,,,
Mahindra Bolero,1.5,Diesel CI,4,2259.78,11.02,2022,,16.2,,,,,,
Tata Safari,2,Diesel CI,3,1191.68,11.08,2006,,17.4,,,,,,
Hyundai Alcazar,1.5,Diesel CI,4,2914.35,12.29,2019,,18.1,,,,,,
MG Hector Plus,2,Diesel CI,3,1127.06,14.6,2024,,18.9,,,,,,
Skoda Octavia,2,Diesel CI,3,1712.17,9.68,2011,,14.2,,,,,,
Renault Duster,1.5,Diesel CI,3,987.77,8.85,2015,,15,,,,,,
Ford EcoSport,1.5,Petrol SI,4,2993.12,9.38,2015,16.5,,16.3,15.9,15.3,-1.2,-3.6,-7.3
Ford EcoSport,1.5,Diesel CI,4,1904.83,14.21,2010,,16.8,,,,,,
Jeep Compass,2,Diesel CI,3,2109.85,12.52,2020,,16.4,,,,,,
Jeep Meridian,2,Diesel CI,4,947.57,10,2003,,17.5,,,,,,
Isuzu D-Max,2.5,Diesel CI,3,2449.91,13.71,2012,,18.2,,,,,,
Toyota Hilux,2.8,Diesel CI,3,1261.79,14.03,2006,,16.1,,,,,,
Kia Carnival,2.2,Diesel CI,4,2775.72,13.93,2003,,18.3,,,,,,
Maruti Swift,1.2,Petrol SI,4,1251.31,14.43,2014,11.5,,11.2,11.1,10.7,-2.6,-3.5,-7
Hyundai i20,1.2,Petrol SI,3,1219.51,9.77,2018,19,,18.5,18.1,17.2,-2.6,-4.7,-9.5
Tata Altroz,1.2,Petrol SI,4,880.41,13.29,2008,12.8,,12.6,12.4,11.4,-1.6,-3.1,-10.9
Honda City,1.5,Petrol SI,4,1838.55,11.22,2010,17.8,,17.6,16.8,16.4,-1.1,-5.6,-7.9
Maruti Baleno,1.2,Petrol SI,3,2042.65,13.89,2007,12.5,,12.2,11.8,11.2,-2.4,-5.6,-10.4
Toyota Glanza,1.2,Flex-Fuel,3,944.56,13.1,2000,16.3,,15.9,15.4,15,-2.5,-5.5,-8
Maruti Dzire,1.2,Petrol SI,4,2506.16,13.44,2022,18.9,,18.4,18.1,17.6,-2.6,-4.2,-6.9
Hyundai Verna,1.5,Petrol SI,3,1797.24,12.59,2024,12.9,,12.6,12.3,11.9,-2.3,-4.7,-7.8
Kia Seltos,1.5,Petrol SI,3,1953.66,9.24,2023,19.4,,19,18.3,17.5,-2.1,-5.7,-9.8
Skoda Slavia,1,Petrol SI,4,1769.68,11.82,2007,14.1,,13.9,13.5,12.8,-1.4,-4.3,-9.2
VW Virtus,1,Petrol SI,3,1681.68,14.89,2012,15.9,,15.7,15,14.2,-1.3,-5.7,-10.7
Renault Kwid,1,Petrol SI,3,2031.21,14.56,2021,15.2,,14.9,14.4,13.7,-2,-5.3,-9.9
Maruti WagonR,1,Petrol SI,4,1141.53,8.3,2003,19.8,,19.3,19.2,17.8,-2.5,-3,-10.1
Maruti Alto K10,1,Petrol SI,4,1200.24,9.15,2007,22,,21.7,20.9,19.8,-1.4,-5,-10
Hyundai Creta,1.5,Petrol SI,3,2695.93,8.92,2002,11.4,,11.1,11.1,10.7,-2.6,-2.6,-6.1
Mahindra Thar,2,Petrol SI,3,2881.45,13.08,2008,12,,11.8,11.4,11,-1.7,-5,-8.3
Toyota Innova Hycross,2,Petrol SI,4,1621.28,13.72,2001,16.7,,16.3,16,15.1,-2.4,-4.2,-9.6
Honda Amaze,1.2,Petrol SI,4,1395.64,9.49,2001,19.6,,19.1,18.6,18.1,-2.6,-5.1,-7.7
Tata Tiago,1.2,Petrol SI,4,2216.8,11.54,2012,19.4,,19.2,18.6,17.9,-1,-4.1,-7.7
Nissan Magnite,1,Petrol SI,4,1699.22,13.88,2014,21.8,,21.3,20.9,20.3,-2.3,-4.1,-6.9
Renault Kiger,1,Petrol SI,3,855.85,13.13,2022,21.3,,20.9,20.6,20,-1.9,-3.3,-6.1
Kia Sonet,1.2,Petrol SI,4,1143.54,11.8,2011,16.8,,16.5,16.1,15.2,-1.8,-4.2,-9.5
MG Hector,1.5,Petrol SI,4,2375.14,12.13,2003,12,,11.9,11.6,11.1,-0.8,-3.3,-7.5
Toyota Urban Cruiser,1.5,Petrol SI,3,2249.63,11.56,2007,13.9,,13.7,13.5,12.8,-1.4,-2.9,-7.9
Tata Punch,1.2,Petrol SI,4,859.61,10.08,2008,11,,10.9,10.4,10.3,-0.9,-5.5,-6.4
Hyundai Aura,1.2,Petrol SI,3,1288.34,11.96,2022,12.6,,12.3,12.1,11.5,-2.4,-4,-8.7
Maruti Brezza,1.5,Petrol SI,4,1308.36,12.82,2004,11.9,,11.7,11.4,11.2,-1.7,-4.2,-5.9
Honda Jazz,1.2,Petrol SI,4,2278.16,14.11,2023,17.6,,17.1,17,15.7,-2.8,-3.4,-10.8
Skoda Kushaq,1,Petrol SI,4,843.36,12.45,2019,11.7,,11.4,11.2,11,-2.6,-4.3,-6
Mahindra XUV300,1.2,Petrol SI,3,1029.04,13.33,2017,18.7,,18.4,18.1,17.5,-1.6,-3.2,-6.4
Maruti Celerio,1,Petrol SI,3,2559.82,9.12,2010,12.3,,12,11.8,11,-2.4,-4.1,-10.6
Tata Nexon,1.2,Petrol SI,4,1192.8,11.23,2014,13.8,,13.4,13.3,12.9,-2.9,-3.6,-6.5
Toyota Fortuner,2.7,Petrol SI,3,2236.04,8.07,2021,13.1,,12.8,12.4,11.9,-2.3,-5.3,-9.2
Hyundai Tucson,2,Petrol SI,3,1324,9.73,2008,14.8,,14.5,14.4,13.6,-2,-2.7,-8.1
Maruti Ciaz,1.5,Petrol SI,3,1018.77,13.09,2016,18.1,,17.9,17.4,16.5,-1.1,-3.9,-8.8
Honda WR-V,1.2,Petrol SI,3,1334.98,14.94,2011,13.6,,13.3,12.9,12.7,-2.2,-5.1,-6.6
Hyundai Venue,1.2,Petrol SI,3,2388.99,8.69,2006,15.9,,15.7,15.2,14.5,-1.3,-4.4,-8.8
Kia Carens,1.5,Petrol SI,3,2682.53,10.81,2009,17.6,,17.3,17.1,16.2,-1.7,-2.8,-8
Maruti Ertiga,1.5,Petrol SI,4,2626.48,13.6,2024,13.8,,13.6,13,12.6,-1.4,-5.8,-8.7
Toyota Camry,2.5,Petrol SI,4,1673.8,9.43,2024,21.9,,21.7,20.7,19.9,-0.9,-5.5,-9.1
Mahindra Scorpio-N,2,Petrol SI,3,2269.79,11.89,2009,13,,12.6,12.5,12.1,-3.1,-3.8,-6.9
Tata Harrier,2,Diesel CI,4,1250.97,13.13,2012,,19.8,,,,,,
Mahindra XUV700,2.2,Diesel CI,4,1444.93,12.31,2018,,18.2,,,,,,
Hyundai Creta,1.5,Diesel CI,4,2771.94,9.32,2010,,18.5,,,,,,
Kia Seltos,1.5,Diesel CI,4,828.6,10.49,2012,,17.5,,,,,,
Toyota Innova Crysta,2.4,Diesel CI,3,988.12,13.49,2020,,18.9,,,,,,
Mahindra Bolero,1.5,Diesel CI,4,1257.35,11.88,2007,,19.5,,,,,,
Tata Safari,2,Diesel CI,4,858.37,8.04,2007,,18.1,,,,,,
Hyundai Alcazar,1.5,Diesel CI,3,1199.16,13.33,2003,,17.4,,,,,,
MG Hector Plus,2,Diesel CI,3,2082.69,8.25,2014,,17.9,,,,,,
Skoda Octavia,2,Diesel CI,4,1727.13,13.22,2010,,20,,,,,,
Renault Duster,1.5,Diesel CI,4,2763.88,9.42,2010,,14.5,,,,,,
Ford EcoSport,1.5,Petrol SI,4,2598.38,14.71,2000,17.7,,17.3,17,16.2,-2.3,-4,-8.5
Ford EcoSport,1.5,Diesel CI,4,1552,10.58,2016,,15.7,,,,,,
Jeep Compass,2,Diesel CI,4,1370.73,10.29,2014,,15.1,,,,,,
Jeep Meridian,2,Diesel CI,4,1635.32,9.04,2019,,18.8,,,,,,
Isuzu D-Max,2.5,Diesel CI,3,2098.65,10.14,2005,,15.6,,,,,,
Toyota Hilux,2.8,Diesel CI,4,1389.74,14.14,2023,,15.3,,,,,,
Kia Carnival,2.2,Diesel CI,4,2173.13,14.97,2021,,14.3,,,,,,
Maruti Swift,1.2,Petrol SI,3,1700.71,10.58,2024,14.1,,13.9,13.6,12.9,-1.4,-3.5,-8.5
Hyundai i20,1.2,Petrol SI,3,2014.5,11.14,2014,13.7,,13.5,13.2,12.6,-1.5,-3.6,-8
Tata Altroz,1.2,Petrol SI,3,1759.48,13.05,2008,19,,18.6,18.4,17.4,-2.1,-3.2,-8.4
Honda City,1.5,Petrol SI,3,1447.82,14.2,2013,14.3,,14,13.7,13.3,-2.1,-4.2,-7
Maruti Baleno,1.2,Petrol SI,4,2886.6,12.15,2017,15.4,,15.2,14.6,14.1,-1.3,-5.2,-8.4
Toyota Glanza,1.2,Flex-Fuel,4,2479.93,10.74,2016,16.2,,15.7,15.4,14.6,-3.1,-4.9,-9.9
Maruti Dzire,1.2,Petrol SI,4,1108.25,10.89,2017,18.4,,17.9,17.7,16.5,-2.7,-3.8,-10.3
Hyundai Verna,1.5,Petrol SI,4,2710.63,12.87,2004,19.6,,19.1,18.6,18.2,-2.6,-5.1,-7.1
Kia Seltos,1.5,Petrol SI,4,1872.35,8.02,2019,20.5,,19.9,19.7,18.7,-2.9,-3.9,-8.8
Skoda Slavia,1,Petrol SI,4,2768.01,12.34,2019,12.4,,12.2,12,11.4,-1.6,-3.2,-8.1
VW Virtus,1,Petrol SI,3,2559.68,10.49,2008,11.7,,11.5,11.3,10.6,-1.7,-3.4,-9.4
Renault Kwid,1,Petrol SI,4,1735.47,13.56,2010,12,,11.7,11.6,11.1,-2.5,-3.3,-7.5
Maruti WagonR,1,Petrol SI,3,849.43,8.65,2023,13.7,,13.4,12.9,12.4,-2.2,-5.8,-9.5
Maruti Alto K10,1,Petrol SI,3,1391.09,12.12,2021,12.7,,12.5,12.2,11.4,-1.6,-3.9,-10.2
Hyundai Creta,1.5,Petrol SI,4,1991.6,11.37,2000,20,,19.7,19.1,18,-1.5,-4.5,-10
Mahindra Thar,2,Petrol SI,3,2193.65,12.5,2017,13.8,,13.6,13.2,12.6,-1.4,-4.3,-8.7
Toyota Innova Hycross,2,Petrol SI,4,1367.35,8.45,2005,12.6,,12.5,12.2,11.3,-0.8,-3.2,-10.3
Honda Amaze,1.2,Petrol SI,3,1106.58,12.06,2001,12.8,,12.5,12.3,11.8,-2.3,-3.9,-7.8
Tata Tiago,1.2,Petrol SI,4,2636.85,11.93,2014,20.9,,20.5,19.7,19,-1.9,-5.7,-9.1
Nissan Magnite,1,Petrol SI,3,2965.68,11.92,2020,12,,11.8,11.4,11,-1.7,-5,-8.3
Renault Kiger,1,Petrol SI,4,1956.52,12.22,2013,14.6,,14.2,13.9,13.7,-2.7,-4.8,-6.2
Kia Sonet,1.2,Petrol SI,4,1177.69,12.74,2004,17.6,,17.2,17,16,-2.3,-3.4,-9.1
MG Hector,1.5,Petrol SI,4,1399.08,13.63,2005,18.4,,18,17.6,16.8,-2.2,-4.3,-8.7
Toyota Urban Cruiser,1.5,Petrol SI,4,840.46,9.89,2005,21.2,,20.7,20,19.2,-2.4,-5.7,-9.4
Tata Punch,1.2,Petrol SI,4,2811.46,13.78,2021,12.3,,12.1,11.6,11.5,-1.6,-5.7,-6.5
Hyundai Aura,1.2,Petrol SI,3,1059.05,11.49,2017,17.1,,16.9,16.5,15.8,-1.2,-3.5,-7.6
Maruti Brezza,1.5,Petrol SI,3,2068.34,8.54,2013,20,,19.5,19.1,18.5,-2.5,-4.5,-7.5
Honda Jazz,1.2,Petrol SI,3,1402.92,8.41,2009,14.4,,14,13.5,12.9,-2.8,-6.3,-10.4
Skoda Kushaq,1,Petrol SI,4,2019.19,10.34,2013,12,,11.8,11.6,10.9,-1.7,-3.3,-9.2
Mahindra XUV300,1.2,Petrol SI,3,2233.12,13.49,2012,17.1,,16.6,16.4,15.7,-2.9,-4.1,-8.2
Maruti Celerio,1,Petrol SI,4,2625.43,12.95,2002,20,,19.5,19,18,-2.5,-5,-10
Tata Nexon,1.2,Petrol SI,4,1254.13,13.52,2005,17.7,,17.2,16.9,16.6,-2.8,-4.5,-6.2
Toyota Fortuner,2.7,Petrol SI,3,824.19,11.62,2007,15.8,,15.4,15.3,14.5,-2.5,-3.2,-8.2
Hyundai Tucson,2,Petrol SI,3,1101.15,11.08,2011,16,,15.5,15.2,14.5,-3.1,-5,-9.4
Maruti Ciaz,1.5,Petrol SI,4,2780.04,9.03,2012,16.6,,16.3,16,15,-1.8,-3.6,-9.6
Honda WR-V,1.2,Petrol SI,3,2722.56,10.3,2010,11.3,,11.1,10.7,10.1,-1.8,-5.3,-10.6
Hyundai Venue,1.2,Petrol SI,4,2114.31,11.04,2011,16,,15.8,15.5,14.9,-1.2,-3.1,-6.9
Kia Carens,1.5,Petrol SI,4,2121.14,8.62,2000,18.8,,18.5,18.2,16.8,-1.6,-3.2,-10.6
Maruti Ertiga,1.5,Petrol SI,4,2263.08,9.54,2016,18.7,,18.2,17.7,16.8,-2.7,-5.3,-10.2
Toyota Camry,2.5,Petrol SI,4,1185.82,12.19,2015,13.8,,13.6,13,12.8,-1.4,-5.8,-7.2
Mahindra Scorpio-N,2,Petrol SI,4,2811.71,13.15,2010,17,,16.7,16,15.5,-1.8,-5.9,-8.8
Tata Harrier,2,Diesel CI,3,1721.3,14.99,2012,,16.6,,,,,,
Mahindra XUV700,2.2,Diesel CI,3,1642.9,14.53,2017,,19.3,,,,,,
Hyundai Creta,1.5,Diesel CI,4,1941.62,12.5,2010,,15.2,,,,,,
Kia Seltos,1.5,Diesel CI,4,903.33,10.95,2011,,14.1,,,,,,
Toyota Innova Crysta,2.4,Diesel CI,3,1165.82,12.45,2005,,16.9,,,,,,
Mahindra Bolero,1.5,Diesel CI,3,2423.67,13.5,2008,,19.5,,,,,,
Tata Safari,2,Diesel CI,4,982.16,8.83,2015,,19.9,,,,,,
Hyundai Alcazar,1.5,Diesel CI,3,2126.93,10.87,2003,,15.3,,,,,,
MG Hector Plus,2,Diesel CI,4,1339.77,13.88,2002,,18.3,,,,,,
Skoda Octavia,2,Diesel CI,3,1656.45,10.69,2015,,19.7,,,,,,
Renault Duster,1.5,Diesel CI,4,1435.13,12,2023,,14.5,,,,,,
Ford EcoSport,1.5,Petrol SI,3,1582.48,12.11,2024,18.3,,17.8,17.6,16.3,-2.7,-3.8,-10.9
Ford EcoSport,1.5,Diesel CI,4,2381.9,9.29,2011,,17.1,,,,,,
Jeep Compass,2,Diesel CI,3,1453.67,10.54,2010,,17.4,,,,,,
Jeep Meridian,2,Diesel CI,3,2046.09,10.34,2004,,16.3,,,,,,
Isuzu D-Max,2.5,Diesel CI,4,1847.31,8.18,2024,,14.6,,,,,,
Toyota Hilux,2.8,Diesel CI,3,2260.08,8.17,2017,,19.5,,,,,,
Kia Carnival,2.2,Diesel CI,4,2861.03,13.82,2018,,14.5,,,,,,
Maruti Swift,1.2,Petrol SI,3,2411.66,9.91,2022,19.2,,18.9,18.4,17.1,-1.6,-4.2,-10.9
Hyundai i20,1.2,Petrol SI,4,1272.87,11.63,2022,18.1,,17.6,17.5,16.5,-2.8,-3.3,-8.8
Tata Altroz,1.2,Petrol SI,3,868.6,10.09,2005,12.5,,12.3,12,11.7,-1.6,-4,-6.4
Honda City,1.5,Petrol SI,4,1376.98,14.58,2021,16.9,,16.6,16.3,15.4,-1.8,-3.6,-8.9
Maruti Baleno,1.2,Petrol SI,3,2109.17,9.82,2017,12,,11.7,11.6,11.1,-2.5,-3.3,-7.5
Toyota Glanza,1.2,Flex-Fuel,4,913.14,11.01,2005,12,,11.9,11.4,11.2,-0.8,-5,-6.7
Maruti Dzire,1.2,Petrol SI,3,1892.01,14.11,2003,21.9,,21.4,20.8,19.6,-2.3,-5,-10.5
Hyundai Verna,1.5,Petrol SI,4,2113.05,13.89,2011,21.1,,20.6,20.2,19.4,-2.4,-4.3,-8.1
Kia Seltos,1.5,Petrol SI,4,1535.34,9.3,2018,14.3,,14,13.4,12.7,-2.1,-6.3,-11.2
Skoda Slavia,1,Petrol SI,4,2496.01,13.62,2001,13.5,,13.3,12.9,12.2,-1.5,-4.4,-9.6
VW Virtus,1,Petrol SI,3,1034.52,11.21,2016,20,,19.5,18.9,18.7,-2.5,-5.5,-6.5
Renault Kwid,1,Petrol SI,4,965.3,11.38,2010,11.2,,11,10.7,10.2,-1.8,-4.5,-8.9
Maruti WagonR,1,Petrol SI,3,2402.02,8.93,2010,11.2,,10.9,10.8,10.4,-2.7,-3.6,-7.1
Maruti Alto K10,1,Petrol SI,4,1890.08,8.56,2020,20.3,,20.1,19.3,18.6,-1,-4.9,-8.4
Hyundai Creta,1.5,Petrol SI,3,2314.49,13.1,2015,18.8,,18.5,17.7,17.4,-1.6,-5.9,-7.4
Mahindra Thar,2,Petrol SI,4,1756.62,11.48,2001,21.6,,21.1,20.9,19.7,-2.3,-3.2,-8.8
Toyota Innova Hycross,2,Petrol SI,3,1342.08,11.06,2001,20.3,,20.1,19.6,19.1,-1,-3.4,-5.9
Honda Amaze,1.2,Petrol SI,3,2602.03,13.11,2022,16.6,,16.1,15.8,15.1,-3,-4.8,-9
Tata Tiago,1.2,Petrol SI,4,2558.71,13.36,2007,16.2,,15.9,15.4,14.8,-1.9,-4.9,-8.6
Nissan Magnite,1,Petrol SI,3,2328.33,9.11,2012,17.2,,16.9,16.5,15.9,-1.7,-4.1,-7.6
Renault Kiger,1,Petrol SI,3,1398.72,12.27,2009,13.6,,13.3,13.1,12.6,-2.2,-3.7,-7.4
Kia Sonet,1.2,Petrol SI,4,2098.51,8.95,2007,12.3,,12,11.7,11.2,-2.4,-4.9,-8.9
MG Hector,1.5,Petrol SI,3,1594.14,13.26,2003,18.1,,17.8,17.5,16.9,-1.7,-3.3,-6.6
Toyota Urban Cruiser,1.5,Petrol SI,3,1001.48,12.6,2014,13.4,,13.2,12.7,12.2,-1.5,-5.2,-9
Tata Punch,1.2,Petrol SI,3,2818.09,14.7,2000,19.6,,19.2,18.4,17.5,-2,-6.1,-10.7
Hyundai Aura,1.2,Petrol SI,4,1101,8.48,2010,12.5,,12.4,11.9,11.5,-0.8,-4.8,-8
Maruti Brezza,1.5,Petrol SI,3,2890.52,8.4,2006,11.8,,11.6,11.2,11,-1.7,-5.1,-6.8
Honda Jazz,1.2,Petrol SI,4,1781.21,9.98,2016,14.6,,14.2,14,13.2,-2.7,-4.1,-9.6
Skoda Kushaq,1,Petrol SI,3,1207.29,9.83,2019,14.2,,13.8,13.6,13,-2.8,-4.2,-8.5
Mahindra XUV300,1.2,Petrol SI,3,1992.18,9.73,2023,18.6,,18,17.8,16.7,-3.2,-4.3,-10.2
Maruti Celerio,1,Petrol SI,3,2720.48,14.34,2017,13.1,,12.8,12.4,12.3,-2.3,-5.3,-6.1
Tata Nexon,1.2,Petrol SI,4,2410.89,9.75,2021,19,,18.7,18,17.3,-1.6,-5.3,-8.9
Toyota Fortuner,2.7,Petrol SI,3,2574.43,9.9,2021,20.4,,20,19.4,18.8,-2,-4.9,-7.8
Hyundai Tucson,2,Petrol SI,3,2249.32,13.32,2011,17.3,,17.1,16.5,15.7,-1.2,-4.6,-9.2
Maruti Ciaz,1.5,Petrol SI,4,2323.01,11.15,2008,13.3,,13.1,12.7,12.4,-1.5,-4.5,-6.8
Honda WR-V,1.2,Petrol SI,3,2668.23,13.44,2004,11.5,,11.4,10.9,10.3,-0.9,-5.2,-10.4
Hyundai Venue,1.2,Petrol SI,4,1349.27,8.46,2009,21,,20.6,19.7,19,-1.9,-6.2,-9.5
Kia Carens,1.5,Petrol SI,4,1876.73,11.41,2003,18.4,,18,17.6,16.8,-2.2,-4.3,-8.7
Maruti Ertiga,1.5,Petrol SI,3,1286.66,8.24,2004,20.7,,20.5,20,19,-1,-3.4,-8.2
Toyota Camry,2.5,Petrol SI,4,2972.87,8.44,2009,12.6,,12.2,12.1,11.3,-3.2,-4,-10.3
Mahindra Scorpio-N,2,Petrol SI,3,2876.93,14.35,2010,17.1,,16.8,16.1,15.8,-1.8,-5.8,-7.6
Tata Harrier,2,Diesel CI,4,886.74,8.97,2020,,19,,,,,,
Mahindra XUV700,2.2,Diesel CI,4,2352.27,11.73,2023,,16.7,,,,,,
Hyundai Creta,1.5,Diesel CI,3,2835.55,10.88,2009,,19.5,,,,,,
Kia Seltos,1.5,Diesel CI,4,1197.27,10.43,2007,,18.5,,,,,,
Toyota Innova Crysta,2.4,Diesel CI,4,2049.48,14.3,2001,,18,,,,,,
Mahindra Bolero,1.5,Diesel CI,4,2814.07,8.15,2022,,16.1,,,,,,
Tata Safari,2,Diesel CI,4,874.68,12.65,2007,,18.3,,,,,,
Hyundai Alcazar,1.5,Diesel CI,4,2334.32,14.74,2015,,16.4,,,,,,
MG Hector Plus,2,Diesel CI,3,1454.17,11.92,2021,,16.9,,,,,,
Skoda Octavia,2,Diesel CI,4,2833.67,14.56,2004,,14.1,,,,,,
Renault Duster,1.5,Diesel CI,3,2936.33,8.37,2024,,18.7,,,,,,
Ford EcoSport,1.5,Petrol SI,4,2877.39,10.93,2002,12.7,,12.6,12.1,11.6,-0.8,-4.7,-8.7
Ford EcoSport,1.5,Diesel CI,3,1843.27,9.82,2011,,18.7,,,,,,
Jeep Compass,2,Diesel CI,3,2696.49,13.12,2012,,18.5,,,,,,
Jeep Meridian,2,Diesel CI,4,2658.01,14.87,2012,,17.3,,,,,,
Isuzu D-Max,2.5,Diesel CI,4,1502.02,9.8,2009,,16.9,,,,,,
Toyota Hilux,2.8,Diesel CI,4,2623.61,12.58,2003,,17,,,,,,
Kia Carnival,2.2,Diesel CI,3,881.42,9.39,2008,,15.4,,,,,,
Maruti Swift,1.2,Petrol SI,4,2111.79,11.96,2021,11.3,,11.1,10.8,10.2,-1.8,-4.4,-9.7
Hyundai i20,1.2,Petrol SI,3,1306.02,11.25,2023,17.9,,17.7,16.9,16,-1.1,-5.6,-10.6
Tata Altroz,1.2,Petrol SI,3,1065.25,14.8,2022,20,,19.7,19.1,18.7,-1.5,-4.5,-6.5
Honda City,1.5,Petrol SI,3,969.3,12.26,2001,11.4,,11.1,10.8,10.3,-2.6,-5.3,-9.6
Maruti Baleno,1.2,Petrol SI,4,2331.84,10.45,2018,21.8,,21.3,20.9,20.2,-2.3,-4.1,-7.3
Toyota Glanza,1.2,Flex-Fuel,4,1547.72,8.8,2000,21.7,,21.2,20.8,19.6,-2.3,-4.1,-9.7
Maruti Dzire,1.2,Petrol SI,3,2394.49,9.06,2024,18.1,,17.9,17.4,16.3,-1.1,-3.9,-9.9
Hyundai Verna,1.5,Petrol SI,3,943.78,9.58,2006,16.3,,15.9,15.4,14.8,-2.5,-5.5,-9.2
Kia Seltos,1.5,Petrol SI,4,1493.64,9.76,2016,20.5,,20.2,19.5,19.2,-1.5,-4.9,-6.3
Skoda Slavia,1,Petrol SI,3,1986.88,13.95,2002,11.2,,10.9,10.6,10.5,-2.7,-5.4,-6.2
VW Virtus,1,Petrol SI,4,2539.59,11.93,2019,20.5,,20.2,19.7,18.7,-1.5,-3.9,-8.8
Renault Kwid,1,Petrol SI,3,1501.26,11.66,2019,20.5,,19.9,19.5,18.9,-2.9,-4.9,-7.8
Maruti WagonR,1,Petrol SI,4,2176.96,8.8,2020,18.5,,18.1,17.9,16.8,-2.2,-3.2,-9.2
Maruti Alto K10,1,Petrol SI,3,2749.15,14.02,2002,11.5,,11.4,10.8,10.7,-0.9,-6.1,-7
Hyundai Creta,1.5,Petrol SI,4,2154.9,13.06,2002,13.5,,13.4,13,12.6,-0.7,-3.7,-6.7
Mahindra Thar,2,Petrol SI,3,1312.51,8.47,2016,14.8,,14.4,14.1,13.9,-2.7,-4.7,-6.1
Toyota Innova Hycross,2,Petrol SI,4,853.68,12.95,2006,12.6,,12.4,11.9,11.6,-1.6,-5.6,-7.9
Honda Amaze,1.2,Petrol SI,4,2714.22,11.8,2013,11.9,,11.7,11.5,10.9,-1.7,-3.4,-8.4
Tata Tiago,1.2,Petrol SI,3,846.79,8.57,2016,21,,20.5,20.2,19.2,-2.4,-3.8,-8.6
Nissan Magnite,1,Petrol SI,3,2724.34,11.21,2017,14.3,,13.9,13.5,12.8,-2.8,-5.6,-10.5
Renault Kiger,1,Petrol SI,4,1963.66,11.39,2012,13.2,,13,12.5,12.1,-1.5,-5.3,-8.3
Kia Sonet,1.2,Petrol SI,3,2865.95,9.16,2019,20.7,,20.1,19.7,18.4,-2.9,-4.8,-11.1
MG Hector,1.5,Petrol SI,4,2557.32,14.62,2019,14.4,,14.2,13.7,13,-1.4,-4.9,-9.7
Toyota Urban Cruiser,1.5,Petrol SI,3,2995.46,13.95,2020,13.6,,13.4,13.2,12.3,-1.5,-2.9,-9.6
Tata Punch,1.2,Petrol SI,4,1571.57,12.68,2017,21.3,,20.9,20.6,19.4,-1.9,-3.3,-8.9
Hyundai Aura,1.2,Petrol SI,4,2487.81,11.24,2003,20.2,,20,19.5,18.1,-1,-3.5,-10.4
Maruti Brezza,1.5,Petrol SI,4,1684.25,10.88,2000,16.8,,16.3,16,15.5,-3,-4.8,-7.7
Honda Jazz,1.2,Petrol SI,4,1855.73,12.56,2017,15.8,,15.5,14.9,14.7,-1.9,-5.7,-7
Skoda Kushaq,1,Petrol SI,4,2180.51,11.82,2000,13,,12.7,12.4,12,-2.3,-4.6,-7.7
Mahindra XUV300,1.2,Petrol SI,4,2722.09,8.44,2012,21.7,,21.3,20.7,19.5,-1.8,-4.6,-10.1
Maruti Celerio,1,Petrol SI,3,2964.98,11.59,2019,21.8,,21.3,20.7,20.5,-2.3,-5,-6
Tata Nexon,1.2,Petrol SI,3,2490.2,13.64,2019,13.5,,13.2,12.8,12.6,-2.2,-5.2,-6.7
Toyota Fortuner,2.7,Petrol SI,3,1719.09,11.21,2022,19.2,,18.8,18.6,17.4,-2.1,-3.1,-9.4
Hyundai Tucson,2,Petrol SI,4,1726.99,8.36,2009,16.7,,16.3,16.1,15.3,-2.4,-3.6,-8.4
Maruti Ciaz,1.5,Petrol SI,4,2422.68,13.5,2010,13.4,,13.1,13,12.2,-2.2,-3,-9
Honda WR-V,1.2,Petrol SI,4,1325.31,9.41,2008,15.6,,15.3,15,14,-1.9,-3.8,-10.3
Hyundai Venue,1.2,Petrol SI,4,1043.04,9.81,2008,15.3,,15,14.4,13.8,-2,-5.9,-9.8
Kia Carens,1.5,Petrol SI,3,1580.17,9.15,2004,19.5,,19.2,18.4,17.5,-1.5,-5.6,-10.3
Maruti Ertiga,1.5,Petrol SI,3,1431.93,10.31,2000,19.6,,19.3,18.5,17.7,-1.5,-5.6,-9.7
Toyota Camry,2.5,Petrol SI,4,1451.88,13.3,2016,16,,15.8,15.1,14.8,-1.2,-5.6,-7.5
Mahindra Scorpio-N,2,Petrol SI,3,1313.94,11.64,2021,11.8,,11.6,11.4,10.9,-1.7,-3.4,-7.6
Tata Harrier,2,Diesel CI,3,892.61,9.43,2001,,15,,,,,,
Mahindra XUV700,2.2,Diesel CI,4,839.32,14.14,2023,,18.9,,,,,,
Hyundai Creta,1.5,Diesel CI,3,2972.99,14.16,2012,,16.7,,,,,,
Kia Seltos,1.5,Diesel CI,4,1741.1,14.09,2008,,14.8,,,,,,
Toyota Innova Crysta,2.4,Diesel CI,3,1645.52,9.67,2003,,14.4,,,,,,
Mahindra Bolero,1.5,Diesel CI,4,2295.22,11.16,2004,,17.3,,,,,,
Tata Safari,2,Diesel CI,4,1280.16,14.89,2010,,19.5,,,,,,
Hyundai Alcazar,1.5,Diesel CI,4,2889.91,13.4,2023,,14.9,,,,,,
MG Hector Plus,2,Diesel CI,4,2529.96,8.19,2018,,19.6,,,,,,
Skoda Octavia,2,Diesel CI,3,996.7,8.46,2020,,18.7,,,,,,
Renault Duster,1.5,Diesel CI,4,1718.68,11.25,2002,,19.7,,,,,,
Ford EcoSport,1.5,Petrol SI,4,2734.06,14.36,2011,14.1,,13.9,13.5,12.6,-1.4,-4.3,-10.6
Ford EcoSport,1.5,Diesel CI,4,2878.41,11.77,2018,,18.3,,,,,,
Jeep Compass,2,Diesel CI,3,1828.28,11.48,2018,,14.9,,,,,,
Jeep Meridian,2,Diesel CI,4,2149.51,8.74,2012,,16.1,,,,,,
Isuzu D-Max,2.5,Diesel CI,3,1167.47,12.6,2006,,19.6,,,,,,
Toyota Hilux,2.8,Diesel CI,4,2980.57,13.75,2014,,20,,,,,,
Kia Carnival,2.2,Diesel CI,3,1309.68,10.66,2022,,16,,,,,,
Maruti Swift,1.2,Petrol SI,3,2874.01,13.43,2006,13.4,,13.1,12.8,12,-2.2,-4.5,-10.4
Hyundai i20,1.2,Petrol SI,4,2229.22,14.75,2007,11.7,,11.4,11.3,10.7,-2.6,-3.4,-8.5
Tata Altroz,1.2,Petrol SI,3,2137.02,9.43,2004,20.9,,20.5,20.1,19.5,-1.9,-3.8,-6.7
Honda City,1.5,Petrol SI,4,1927.91,11.66,2020,15.6,,15.3,15,14.1,-1.9,-3.8,-9.6
Maruti Baleno,1.2,Petrol SI,4,1307.47,10.01,2013,18.1,,17.6,17.1,16.8,-2.8,-5.5,-7.2
Toyota Glanza,1.2,Flex-Fuel,4,1188.36,13.55,2003,12.5,,12.3,11.8,11.4,-1.6,-5.6,-8.8
Maruti Dzire,1.2,Petrol SI,3,1285.07,12.04,2022,11.7,,11.4,11.2,10.8,-2.6,-4.3,-7.7
Hyundai Verna,1.5,Petrol SI,3,1210.16,12.44,2009,12.3,,12,11.7,11.1,-2.4,-4.9,-9.8
Kia Seltos,1.5,Petrol SI,4,2515.09,13.59,2019,19.5,,19,18.6,17.5,-2.6,-4.6,-10.3
Skoda Slavia,1,Petrol SI,4,1570.28,10.77,2014,17.7,,17.3,17,16.6,-2.3,-4,-6.2
VW Virtus,1,Petrol SI,3,927.25,14.41,2017,14.6,,14.3,13.8,13.5,-2.1,-5.5,-7.5
Renault Kwid,1,Petrol SI,4,2932.03,11.73,2019,20.1,,19.8,19.3,18.9,-1.5,-4,-6
Maruti WagonR,1,Petrol SI,4,2744.33,9.11,2012,13.3,,13,12.7,12.3,-2.3,-4.5,-7.5
Maruti Alto K10,1,Petrol SI,4,2841.06,12.87,2007,15,,14.8,14.5,13.6,-1.3,-3.3,-9.3
Hyundai Creta,1.5,Petrol SI,3,2988.8,13.55,2008,14,,13.8,13.6,12.7,-1.4,-2.9,-9.3
Mahindra Thar,2,Petrol SI,3,1182.57,10.22,2015,13.9,,13.5,13.1,12.6,-2.9,-5.8,-9.4
Toyota Innova Hycross,2,Petrol SI,3,1671.73,14,2018,18.8,,18.3,17.9,17.4,-2.7,-4.8,-7.4
Honda Amaze,1.2,Petrol SI,4,2468.12,14.34,2015,18,,17.6,17.4,16.3,-2.2,-3.3,-9.4
Tata Tiago,1.2,Petrol SI,4,2331.25,9.94,2006,11.5,,11.2,10.9,10.5,-2.6,-5.2,-8.7
Nissan Magnite,1,Petrol SI,4,1138.57,14.88,2013,19.4,,19,18.5,17.7,-2.1,-4.6,-8.8
Renault Kiger,1,Petrol SI,3,2594.83,8.98,2013,14.4,,14.2,13.6,13.1,-1.4,-5.6,-9
Kia Sonet,1.2,Petrol SI,4,1293.77,9.41,2024,16.8,,16.4,15.8,15.7,-2.4,-6,-6.5
MG Hector,1.5,Petrol SI,4,1292.4,9.29,2003,13.8,,13.4,13.1,12.9,-2.9,-5.1,-6.5
Toyota Urban Cruiser,1.5,Petrol SI,4,1981.34,14.26,2014,15,,14.8,14.1,14,-1.3,-6,-6.7
Tata Punch,1.2,Petrol SI,4,2104.47,12.58,2002,12.4,,12,11.8,11.3,-3.2,-4.8,-8.9
Hyundai Aura,1.2,Petrol SI,3,2076.19,9.06,2004,18.6,,18.3,17.8,16.8,-1.6,-4.3,-9.7
Maruti Brezza,1.5,Petrol SI,3,1001.27,11.08,2000,19.7,,19.2,18.9,17.7,-2.5,-4.1,-10.2
Honda Jazz,1.2,Petrol SI,4,2730.41,12.31,2002,19.8,,19.3,18.6,18.3,-2.5,-6.1,-7.6
Skoda Kushaq,1,Petrol SI,3,1384.32,8.58,2014,13,,12.8,12.4,11.6,-1.5,-4.6,-10.8
Mahindra XUV300,1.2,Petrol SI,3,1084.93,14.18,2023,14.4,,14.1,13.8,13.1,-2.1,-4.2,-9
Maruti Celerio,1,Petrol SI,4,2755.25,13.63,2007,20.9,,20.6,19.8,18.7,-1.4,-5.3,-10.5
Tata Nexon,1.2,Petrol SI,4,2902.43,11.54,2003,13,,12.8,12.5,12,-1.5,-3.8,-7.7
Toyota Fortuner,2.7,Petrol SI,3,2696.68,14.77,2001,20.4,,19.9,19.4,18.4,-2.5,-4.9,-9.8
Hyundai Tucson,2,Petrol SI,4,2580.94,10.92,2023,14.3,,14,13.8,12.8,-2.1,-3.5,-10.5
Maruti Ciaz,1.5,Petrol SI,3,2241.53,14.89,2023,18.5,,18,17.6,17,-2.7,-4.9,-8.1
Honda WR-V,1.2,Petrol SI,4,2011.89,12.68,2009,18.8,,18.5,18.1,17.1,-1.6,-3.7,-9
Hyundai Venue,1.2,Petrol SI,3,991.37,12.44,2003,19.3,,19.1,18.7,17.9,-1,-3.1,-7.3
Kia Carens,1.5,Petrol SI,4,1698.6,9.16,2002,20.9,,20.6,19.9,19.5,-1.4,-4.8,-6.7
Maruti Ertiga,1.5,Petrol SI,3,1619.91,14.17,2001,17.3,,17.1,16.6,15.7,-1.2,-4,-9.2
Toyota Camry,2.5,Petrol SI,3,1371.46,10.99,2024,20.2,,20,19,18.3,-1,-5.9,-9.4
Mahindra Scorpio-N,2,Petrol SI,3,2391.52,9.14,2016,15.1,,14.9,14.5,14.1,-1.3,-4,-6.6
Tata Harrier,2,Diesel CI,4,1890.93,8.09,2022,,16,,,,,,
Mahindra XUV700,2.2,Diesel CI,3,978.3,11.92,2020,,14.3,,,,,,
Hyundai Creta,1.5,Diesel CI,3,1284.4,11.69,2023,,14.9,,,,,,
Kia Seltos,1.5,Diesel CI,4,2303.17,13.04,2019,,14.2,,,,,,
Toyota Innova Crysta,2.4,Diesel CI,4,967.49,14.23,2022,,16.9,,,,,,
Mahindra Bolero,1.5,Diesel CI,3,2672.66,8.56,2012,,17.5,,,,,,
Tata Safari,2,Diesel CI,3,1889.32,13.12,2004,,17.8,,,,,,
Hyundai Alcazar,1.5,Diesel CI,4,1857.29,9.31,2020,,18.1,,,,,,
MG Hector Plus,2,Diesel CI,4,2103.3,14.01,2008,,14.4,,,,,,
Skoda Octavia,2,Diesel CI,4,2614.3,13.73,2024,,19.6,,,,,,
Renault Duster,1.5,Diesel CI,4,1565.18,11.79,2024,,17.2,,,,,,
Ford EcoSport,1.5,Petrol SI,4,2291.64,12.97,2021,19,,18.8,18.2,17.9,-1.1,-4.2,-5.8
Ford EcoSport,1.5,Diesel CI,3,2044.61,10.2,2005,,15.8,,,,,,
Jeep Compass,2,Diesel CI,4,1387.46,11.3,2004,,15.9,,,,,,
Jeep Meridian,2,Diesel CI,3,2732.99,13.75,2024,,14.7,,,,,,
Isuzu D-Max,2.5,Diesel CI,3,2554.34,11.21,2009,,15.1,,,,,,
Toyota Hilux,2.8,Diesel CI,3,2248.59,10.5,2007,,18.5,,,,,,
Kia Carnival,2.2,Diesel CI,4,2671.28,11.46,2006,,16.4,,,,,,
Maruti Swift,1.2,Petrol SI,3,2708.05,13.8,2006,20,,19.4,19.4,18.7,-3,-3,-6.5
Hyundai i20,1.2,Petrol SI,3,2358.4,10.35,2005,14.5,,14.1,14,12.9,-2.8,-3.4,-11
Tata Altroz,1.2,Petrol SI,4,2641.43,9.22,2020,17.3,,16.8,16.5,15.9,-2.9,-4.6,-8.1
Honda City,1.5,Petrol SI,3,2334.44,12.98,2019,16.1,,15.8,15.4,14.4,-1.9,-4.3,-10.6
Maruti Baleno,1.2,Petrol SI,3,2296.31,13.78,2002,20.5,,20,19.3,19.3,-2.4,-5.9,-5.9
Toyota Glanza,1.2,Flex-Fuel,4,2160.95,8.7,2018,21.5,,20.9,20.6,20,-2.8,-4.2,-7
Maruti Dzire,1.2,Petrol SI,3,2455.98,9.68,2021,16.5,,16.2,15.6,15,-1.8,-5.5,-9.1
Hyundai Verna,1.5,Petrol SI,3,1148.93,8.99,2014,20.1,,19.6,19.2,17.9,-2.5,-4.5,-10.9
Kia Seltos,1.5,Petrol SI,3,2737.92,10.44,2003,13.9,,13.6,13.3,13,-2.2,-4.3,-6.5
Skoda Slavia,1,Petrol SI,4,2718.06,11.15,2011,14,,13.7,13.4,12.7,-2.1,-4.3,-9.3
VW Virtus,1,Petrol SI,4,864.34,13.24,2005,21.4,,20.9,20.6,19.7,-2.3,-3.7,-7.9
Renault Kwid,1,Petrol SI,4,2616.8,12.56,2018,18.9,,18.4,17.9,17.7,-2.6,-5.3,-6.3
Maruti WagonR,1,Petrol SI,3,1083.51,12.35,2003,19.9,,19.7,19.2,18,-1,-3.5,-9.5
Maruti Alto K10,1,Petrol SI,3,1537.26,10.47,2014,19.4,,19.1,18.4,17.5,-1.5,-5.2,-9.8
Hyundai Creta,1.5,Petrol SI,4,2435.72,13.89,2008,16.7,,16.4,16.1,15.3,-1.8,-3.6,-8.4
Mahindra Thar,2,Petrol SI,3,1153.67,11.3,2004,12.9,,12.6,12.2,11.8,-2.3,-5.4,-8.5
Toyota Innova Hycross,2,Petrol SI,3,2599.53,14.85,2012,20,,19.4,19.1,17.9,-3,-4.5,-10.5
Honda Amaze,1.2,Petrol SI,4,2630.7,12.44,2022,18.4,,18.2,17.5,16.5,-1.1,-4.9,-10.3
Tata Tiago,1.2,Petrol SI,4,1916.43,8.88,2017,11.7,,11.4,11,10.9,-2.6,-6,-6.8
Nissan Magnite,1,Petrol SI,3,814.05,12.73,2004,18.9,,18.6,18.1,17.3,-1.6,-4.2,-8.5
Renault Kiger,1,Petrol SI,3,1431.48,10.28,2024,15.7,,15.4,15.2,14.6,-1.9,-3.2,-7
Kia Sonet,1.2,Petrol SI,3,2157.24,12.8,2015,15.2,,14.8,14.4,13.6,-2.6,-5.3,-10.5
MG Hector,1.5,Petrol SI,4,2958.61,8.49,2018,21.4,,20.9,20.3,20,-2.3,-5.1,-6.5
Toyota Urban Cruiser,1.5,Petrol SI,4,2189.99,9.22,2013,17.4,,17.2,16.8,16.3,-1.1,-3.4,-6.3
Tata Punch,1.2,Petrol SI,4,1371.57,13.99,2024,14.7,,14.3,13.9,13.7,-2.7,-5.4,-6.8
Hyundai Aura,1.2,Petrol SI,4,2194.81,9.59,2015,20.1,,19.9,19.3,18.3,-1,-4,-9
Maruti Brezza,1.5,Petrol SI,3,1987.97,13.86,2014,16.5,,16.3,15.8,15,-1.2,-4.2,-9.1
Honda Jazz,1.2,Petrol SI,4,2515.66,9.95,2021,20.3,,19.7,19.7,18.8,-3,-3,-7.4
Skoda Kushaq,1,Petrol SI,4,1035.36,12.5,2003,21.9,,21.3,20.8,20.1,-2.7,-5,-8.2
Mahindra XUV300,1.2,Petrol SI,4,2474.26,12.86,2006,12.4,,12.1,11.7,11.4,-2.4,-5.6,-8.1
Maruti Celerio,1,Petrol SI,4,1990.79,11.59,2015,19.4,,18.8,18.7,18,-3.1,-3.6,-7.2
Tata Nexon,1.2,Petrol SI,4,2918.58,10.14,2023,20.2,,19.8,19.4,18.3,-2,-4,-9.4
Toyota Fortuner,2.7,Petrol SI,3,1552.12,9.49,2021,12.7,,12.5,12,11.3,-1.6,-5.5,-11
Hyundai Tucson,2,Petrol SI,3,2191.77,8.23,2020,12.5,,12.2,11.8,11.4,-2.4,-5.6,-8.8
Maruti Ciaz,1.5,Petrol SI,4,2850.46,10.13,2021,11.5,,11.4,10.9,10.7,-0.9,-5.2,-7
Honda WR-V,1.2,Petrol SI,3,1025.52,12.57,2020,11.1,,10.9,10.6,10.2,-1.8,-4.5,-8.1
Hyundai Venue,1.2,Petrol SI,4,2861.9,14.57,2007,16,,15.6,15.2,14.7,-2.5,-5,-8.1
Kia Carens,1.5,Petrol SI,4,2313.35,14.1,2016,17.4,,17.1,16.6,15.8,-1.7,-4.6,-9.2
Maruti Ertiga,1.5,Petrol SI,3,949.24,13.36,2015,20.8,,20.3,20,19,-2.4,-3.8,-8.7
Toyota Camry,2.5,Petrol SI,3,1462.12,13.52,2022,15.1,,14.9,14.3,13.7,-1.3,-5.3,-9.3
Mahindra Scorpio-N,2,Petrol SI,4,2357.98,12.65,2009,20.4,,20,19.2,18.4,-2,-5.9,-9.8
Tata Harrier,2,Diesel CI,4,948.17,9.82,2009,,19.7,,,,,,
Mahindra XUV700,2.2,Diesel CI,4,2080.78,14.35,2001,,16.8,,,,,,
Hyundai Creta,1.5,Diesel CI,3,1560.94,12.7,2008,,19.7,,,,,,
Kia Seltos,1.5,Diesel CI,4,2166.01,11.92,2016,,16.3,,,,,,
Toyota Innova Crysta,2.4,Diesel CI,4,900.63,8.78,2010,,16.1,,,,,,
Mahindra Bolero,1.5,Diesel CI,4,2717.38,11.13,2009,,15.8,,,,,,
Tata Safari,2,Diesel CI,3,2941.68,11.22,2021,,18.9,,,,,,
Hyundai Alcazar,1.5,Diesel CI,4,2931.53,14.05,2024,,14.9,,,,,,
MG Hector Plus,2,Diesel CI,4,2449.23,11.83,2016,,16.9,,,,,,
Skoda Octavia,2,Diesel CI,3,1086.19,10.66,2003,,19.5,,,,,,
Renault Duster,1.5,Diesel CI,4,2468.18,14.84,2015,,17.3,,,,,,
Ford EcoSport,1.5,Petrol SI,4,854.09,8.78,2019,21.6,,21,20.5,20,-2.8,-5.1,-7.4
Ford EcoSport,1.5,Diesel CI,3,848.67,10.96,2014,,14.1,,,,,,
Jeep Compass,2,Diesel CI,4,1511.94,8.29,2024,,17.3,,,,,,
Jeep Meridian,2,Diesel CI,3,1875.02,13.18,2020,,15.6,,,,,,
Isuzu D-Max,2.5,Diesel CI,3,2494.9,14.43,2004,,19.8,,,,,,
Toyota Hilux,2.8,Diesel CI,4,2303.25,9.96,2005,,18.4,,,,,,
Kia Carnival,2.2,Diesel CI,4,1780.99,14.01,2016,,16.8,,,,,,
Maruti Swift,1.2,Petrol SI,4,1401.98,10.05,2000,18.7,,18.2,18,17.2,-2.7,-3.7,-8
Hyundai i20,1.2,Petrol SI,4,2993.67,14.38,2024,12.2,,12,11.8,11.4,-1.6,-3.3,-6.6
Tata Altroz,1.2,Petrol SI,3,1737.6,13.28,2018,14.2,,14,13.6,13,-1.4,-4.2,-8.5
Honda City,1.5,Petrol SI,4,1793.05,13.63,2003,20.1,,19.8,19,18,-1.5,-5.5,-10.4
Maruti Baleno,1.2,Petrol SI,3,1159.97,8.13,2016,16.2,,15.9,15.7,15.1,-1.9,-3.1,-6.8
Toyota Glanza,1.2,Flex-Fuel,4,2548.58,14.74,2008,16.9,,16.4,15.9,15.8,-3,-5.9,-6.5
Maruti Dzire,1.2,Petrol SI,4,2326.1,13.09,2023,17.8,,17.6,16.9,16,-1.1,-5.1,-10.1
Hyundai Verna,1.5,Petrol SI,4,1285.69,10.13,2001,13.7,,13.5,13,12.6,-1.5,-5.1,-8
Kia Seltos,1.5,Petrol SI,3,981.24,13.81,2007,20.3,,19.9,19.2,19.1,-2,-5.4,-5.9
Skoda Slavia,1,Petrol SI,4,2297.1,9.97,2014,21,,20.7,19.8,19.5,-1.4,-5.7,-7.1
VW Virtus,1,Petrol SI,4,2239.92,14.11,2006,16.2,,15.9,15.6,14.6,-1.9,-3.7,-9.9
Renault Kwid,1,Petrol SI,4,1401.17,8.79,2005,17.1,,16.8,16.6,15.5,-1.8,-2.9,-9.4
Maruti WagonR,1,Petrol SI,4,2891.9,12.93,2000,14.7,,14.5,14.2,13.7,-1.4,-3.4,-6.8
Maruti Alto K10,1,Petrol SI,3,1132.33,11.78,2014,15,,14.6,14.5,14,-2.7,-3.3,-6.7
Hyundai Creta,1.5,Petrol SI,4,1751.14,8.68,2022,18.2,,17.8,17.3,16.4,-2.2,-4.9,-9.9
Mahindra Thar,2,Petrol SI,3,2875.96,9.69,2006,21.3,,21,20.2,19.7,-1.4,-5.2,-7.5
Toyota Innova Hycross,2,Petrol SI,3,1723.4,8.09,2024,19,,18.8,18.4,17.4,-1.1,-3.2,-8.4
Honda Amaze,1.2,Petrol SI,3,2204.76,11.28,2016,18.7,,18.1,18.1,17.1,-3.2,-3.2,-8.6
Tata Tiago,1.2,Petrol SI,3,1674.71,10.11,2001,12.2,,11.9,11.7,10.9,-2.5,-4.1,-10.7
Nissan Magnite,1,Petrol SI,3,1403.27,12.19,2008,21.1,,20.5,20.4,19.5,-2.8,-3.3,-7.6
Renault Kiger,1,Petrol SI,3,2964.75,10.08,2008,16.7,,16.2,16.1,15.1,-3,-3.6,-9.6
Kia Sonet,1.2,Petrol SI,4,1700.53,10.1,2012,17.8,,17.6,16.8,16.3,-1.1,-5.6,-8.4
MG Hector,1.5,Petrol SI,3,2767.02,13.2,2005,18,,17.6,17.2,16.4,-2.2,-4.4,-8.9
Toyota Urban Cruiser,1.5,Petrol SI,3,1305.9,8.34,2005,14.3,,13.9,13.6,13.4,-2.8,-4.9,-6.3
Tata Punch,1.2,Petrol SI,3,1268.83,14.32,2019,19.3,,19.1,18.7,17.5,-1,-3.1,-9.3
Hyundai Aura,1.2,Petrol SI,4,868.49,13.97,2019,20.5,,20.2,19.8,18.4,-1.5,-3.4,-10.2
Maruti Brezza,1.5,Petrol SI,4,2233.67,12.67,2020,22,,21.5,21.3,20,-2.3,-3.2,-9.1
Honda Jazz,1.2,Petrol SI,3,1610.76,12.15,2002,14.2,,13.9,13.7,13.3,-2.1,-3.5,-6.3
Skoda Kushaq,1,Petrol SI,4,2701.59,14.25,2016,16.1,,15.7,15.5,15,-2.5,-3.7,-6.8
Mahindra XUV300,1.2,Petrol SI,3,1841.06,9.3,2016,19.4,,19.2,18.4,18.2,-1,-5.2,-6.2
Maruti Celerio,1,Petrol SI,3,2930.03,8.55,2011,15.5,,15.3,14.9,13.9,-1.3,-3.9,-10.3
Tata Nexon,1.2,Petrol SI,4,1208.16,9.68,2015,11.6,,11.4,11.2,10.3,-1.7,-3.4,-11.2
Toyota Fortuner,2.7,Petrol SI,3,2710.97,13.56,2014,15,,14.6,14.3,13.6,-2.7,-4.7,-9.3
Hyundai Tucson,2,Petrol SI,4,2508.51,8.24,2012,15.9,,15.4,15.1,14.5,-3.1,-5,-8.8
Maruti Ciaz,1.5,Petrol SI,4,2496.03,12.08,2022,12.2,,11.9,11.5,11.1,-2.5,-5.7,-9
Honda WR-V,1.2,Petrol SI,3,2658.52,14.97,2000,17.5,,17.3,16.5,15.9,-1.1,-5.7,-9.1
Hyundai Venue,1.2,Petrol SI,3,2474.25,13.99,2016,12.4,,12.2,11.7,11.6,-1.6,-5.6,-6.5
Kia Carens,1.5,Petrol SI,4,2177.68,11.65,2002,21.8,,21.4,21,20.1,-1.8,-3.7,-7.8
Maruti Ertiga,1.5,Petrol SI,3,1088.74,8.45,2014,15.9,,15.7,15,14.8,-1.3,-5.7,-6.9
Toyota Camry,2.5,Petrol SI,3,871.56,13.82,2003,18.2,,17.9,17.6,16.8,-1.6,-3.3,-7.7
Mahindra Scorpio-N,2,Petrol SI,3,2825.87,12.19,2003,15.1,,14.9,14.6,13.9,-1.3,-3.3,-7.9
Tata Harrier,2,Diesel CI,4,2156.63,8.8,2017,,17.6,,,,,,
Mahindra XUV700,2.2,Diesel CI,4,2552.38,8.66,2016,,19.3,,,,,,
Hyundai Creta,1.5,Diesel CI,3,1859.35,14.37,2018,,15.5,,,,,,
Kia Seltos,1.5,Diesel CI,4,1058.08,12.68,2010,,17.8,,,,,,
Toyota Innova Crysta,2.4,Diesel CI,4,1075.41,13.81,2019,,15.7,,,,,,
Mahindra Bolero,1.5,Diesel CI,4,2308.24,14.15,2002,,15.3,,,,,,
Tata Safari,2,Diesel CI,4,1746.67,12,2007,,16.6,,,,,,
Hyundai Alcazar,1.5,Diesel CI,4,1241.15,11.62,2013,,16.8,,,,,,
MG Hector Plus,2,Diesel CI,3,1881.51,11.01,2000,,18.6,,,,,,
Skoda Octavia,2,Diesel CI,3,941.26,10.22,2013,,17.9,,,,,,
Renault Duster,1.5,Diesel CI,3,2080.34,11.04,2001,,14.4,,,,,,
Ford EcoSport,1.5,Petrol SI,4,1391.79,13.42,2022,14.6,,14.3,14.1,13.4,-2.1,-3.4,-8.2
Ford EcoSport,1.5,Diesel CI,4,2554.63,12.21,2003,,15.7,,,,,,
Jeep Compass,2,Diesel CI,3,1482.8,14.25,2023,,14.7,,,,,,
Jeep Meridian,2,Diesel CI,4,1801.48,11.1,2018,,18.7,,,,,,
Isuzu D-Max,2.5,Diesel CI,3,825.57,12.25,2005,,18.3,,,,,,
Toyota Hilux,2.8,Diesel CI,3,959.38,12.42,2024,,19.4,,,,,,
Kia Carnival,2.2,Diesel CI,3,1663.49,12.14,2000,,17.1,,,,,,
Maruti Swift,1.2,Petrol SI,4,1855.87,12.92,2016,15.9,,15.6,15,14.5,-1.9,-5.7,-8.8
Hyundai i20,1.2,Petrol SI,4,2120.05,9.66,2007,12.5,,12.3,11.8,11.3,-1.6,-5.6,-9.6
Tata Altroz,1.2,Petrol SI,3,1441.66,11.59,2018,18,,17.8,17.4,16.3,-1.1,-3.3,-9.4
Honda City,1.5,Petrol SI,3,2328.96,8.73,2020,19.9,,19.5,19.1,18.5,-2,-4,-7
Maruti Baleno,1.2,Petrol SI,3,2692.27,10.69,2000,17.9,,17.6,17.1,16.6,-1.7,-4.5,-7.3
Toyota Glanza,1.2,Flex-Fuel,3,2515.67,11.41,2004,13.1,,12.9,12.3,12.2,-1.5,-6.1,-6.9
Maruti Dzire,1.2,Petrol SI,4,887.16,12.57,2015,13.6,,13.2,13,12.6,-2.9,-4.4,-7.4
Hyundai Verna,1.5,Petrol SI,4,1857.12,14.65,2005,15.5,,15.2,14.6,14.1,-1.9,-5.8,-9
Kia Seltos,1.5,Petrol SI,3,1030.85,12.2,2007,21.7,,21.4,20.6,20,-1.4,-5.1,-7.8
Skoda Slavia,1,Petrol SI,3,1332.5,13.21,2012,14.9,,14.6,14.3,13.7,-2,-4,-8.1
VW Virtus,1,Petrol SI,4,2970.66,11.54,2015,13.9,,13.7,13.4,12.5,-1.4,-3.6,-10.1
Renault Kwid,1,Petrol SI,4,1113.49,12.44,2002,12,,11.7,11.6,11.2,-2.5,-3.3,-6.7
Maruti WagonR,1,Petrol SI,3,1897.55,8.5,2018,13.6,,13.3,12.9,12.3,-2.2,-5.1,-9.6
Maruti Alto K10,1,Petrol SI,3,2159.94,9.78,2011,14.4,,14,13.7,13.2,-2.8,-4.9,-8.3
Hyundai Creta,1.5,Petrol SI,3,2345.42,10.53,2015,21.7,,21.1,21,20,-2.8,-3.2,-7.8
Mahindra Thar,2,Petrol SI,4,2031.23,11.31,2010,20.9,,20.7,19.7,19.5,-1,-5.7,-6.7
Toyota Innova Hycross,2,Petrol SI,4,821.5,8.32,2009,13.5,,13.2,13.1,12.3,-2.2,-3,-8.9
Honda Amaze,1.2,Petrol SI,4,1518.21,8.98,2024,17.9,,17.6,16.9,16.1,-1.7,-5.6,-10.1
Tata Tiago,1.2,Petrol SI,3,1938.97,9.94,2019,15.6,,15.4,15,13.9,-1.3,-3.8,-10.9
Nissan Magnite,1,Petrol SI,3,993.31,14.8,2003,14.8,,14.4,14.2,13.7,-2.7,-4.1,-7.4
Renault Kiger,1,Petrol SI,4,1571.38,10.32,2011,15.9,,15.7,15.2,14.6,-1.3,-4.4,-8.2
Kia Sonet,1.2,Petrol SI,4,873.05,11.37,2022,18.5,,18.3,17.6,17.1,-1.1,-4.9,-7.6
MG Hector,1.5,Petrol SI,3,972.87,9.37,2001,14.9,,14.6,14.3,13.7,-2,-4,-8.1
Toyota Urban Cruiser,1.5,Petrol SI,4,1673.23,12.28,2023,17.3,,17,16.6,15.6,-1.7,-4,-9.8
Tata Punch,1.2,Petrol SI,4,1091.97,9.96,2021,13.7,,13.4,13.2,12.3,-2.2,-3.6,-10.2
Hyundai Aura,1.2,Petrol SI,3,2048.59,9.45,2018,21.7,,21.4,20.5,20.3,-1.4,-5.5,-6.5
Maruti Brezza,1.5,Petrol SI,4,2316.82,11.62,2024,11.5,,11.3,11,10.4,-1.7,-4.3,-9.6
Honda Jazz,1.2,Petrol SI,3,2561.29,8.04,2004,19.7,,19.4,18.7,18.4,-1.5,-5.1,-6.6
Skoda Kushaq,1,Petrol SI,3,1240.33,8.05,2007,12.6,,12.2,12.1,11.4,-3.2,-4,-9.5
Mahindra XUV300,1.2,Petrol SI,3,1168.46,9.53,2006,21.1,,20.8,19.9,19.5,-1.4,-5.7,-7.6
Maruti Celerio,1,Petrol SI,3,1030.05,8.26,2013,14.6,,14.4,14.1,13.5,-1.4,-3.4,-7.5
Tata Nexon,1.2,Petrol SI,3,2200.15,8.76,2023,18.9,,18.6,17.9,17.4,-1.6,-5.3,-7.9
Toyota Fortuner,2.7,Petrol SI,3,2354.25,10.37,2022,17.1,,16.7,16.4,15.9,-2.3,-4.1,-7
Hyundai Tucson,2,Petrol SI,3,869.49,13.62,2002,12.7,,12.3,12.1,11.4,-3.1,-4.7,-10.2
Maruti Ciaz,1.5,Petrol SI,4,2859.67,12,2017,12.3,,12,11.8,11.1,-2.4,-4.1,-9.8
Honda WR-V,1.2,Petrol SI,3,914.34,11.59,2015,12.5,,12.2,12,11.3,-2.4,-4,-9.6
Hyundai Venue,1.2,Petrol SI,3,1990.85,10.05,2022,18.9,,18.6,18.2,17.2,-1.6,-3.7,-9
Kia Carens,1.5,Petrol SI,4,2359.93,14.52,2018,15.5,,15.2,14.7,14.4,-1.9,-5.2,-7.1
Maruti Ertiga,1.5,Petrol SI,4,2716.13,10.78,2018,16.2,,15.8,15.6,14.5,-2.5,-3.7,-10.5
Toyota Camry,2.5,Petrol SI,4,2370.99,8.61,2017,17.3,,17,16.6,16.2,-1.7,-4,-6.4
Mahindra Scorpio-N,2,Petrol SI,3,2563.8,12.32,2019,21.8,,21.3,20.5,19.5,-2.3,-6,-10.6
Tata Harrier,2,Diesel CI,4,1546.79,8.8,2015,,15.4,,,,,,
Mahindra XUV700,2.2,Diesel CI,3,2592.62,10.42,2007,,15.6,,,,,,
Hyundai Creta,1.5,Diesel CI,3,976.25,11.55,2000,,14.8,,,,,,
Kia Seltos,1.5,Diesel CI,3,2768.6,14.12,2016,,16.6,,,,,,
Toyota Innova Crysta,2.4,Diesel CI,3,2004.7,11.45,2011,,16.4,,,,,,
Mahindra Bolero,1.5,Diesel CI,4,2598.06,12.92,2020,,14.8,,,,,,
Tata Safari,2,Diesel CI,4,1795.1,14.95,2010,,16.1,,,,,,
Hyundai Alcazar,1.5,Diesel CI,3,2215.87,8.92,2004,,15.2,,,,,,
MG Hector Plus,2,Diesel CI,3,1958.09,9.92,2011,,18.6,,,,,,
Skoda Octavia,2,Diesel CI,3,2409.5,10.76,2016,,15.8,,,,,,
Renault Duster,1.5,Diesel CI,4,979.59,10.95,2005,,14.8,,,,,,
Ford EcoSport,1.5,Petrol SI,3,932.77,10.88,2000,21.7,,21.3,20.9,19.6,-1.8,-3.7,-9.7
Ford EcoSport,1.5,Diesel CI,3,1343.63,14.35,2004,,19.4,,,,,,
Jeep Compass,2,Diesel CI,4,1151,13,2024,,18.3,,,,,,
Jeep Meridian,2,Diesel CI,4,2717.92,12.26,2013,,16.5,,,,,,
Isuzu D-Max,2.5,Diesel CI,3,1282.27,10.17,2004,,15.4,,,,,,
Toyota Hilux,2.8,Diesel CI,4,2946.9,13.77,2021,,17.6,,,,,,
Kia Carnival,2.2,Diesel CI,4,1541.17,14.69,2023,,20,,,,,,
Maruti Swift,1.2,Petrol SI,3,1200.66,13.75,2000,18.5,,18,17.9,16.6,-2.7,-3.2,-10.3
Hyundai i20,1.2,Petrol SI,4,2537.34,8.01,2017,13.2,,12.9,12.7,12.3,-2.3,-3.8,-6.8
Tata Altroz,1.2,Petrol SI,3,2249.16,12.45,2015,15.3,,14.9,14.8,13.6,-2.6,-3.3,-11.1
Honda City,1.5,Petrol SI,4,1896.03,8.36,2008,20,,19.6,19.2,18.6,-2,-4,-7
Maruti Baleno,1.2,Petrol SI,3,2021.8,9.8,2018,19.4,,18.9,18.7,18,-2.6,-3.6,-7.2
Toyota Glanza,1.2,Flex-Fuel,3,2382.24,8.42,2021,15,,14.8,14.2,13.5,-1.3,-5.3,-10
Maruti Dzire,1.2,Petrol SI,3,1302.6,12.23,2004,20.8,,20.6,20.1,18.7,-1,-3.4,-10.1
Hyundai Verna,1.5,Petrol SI,4,2991.93,12.81,2001,17.7,,17.4,16.9,15.8,-1.7,-4.5,-10.7
Kia Seltos,1.5,Petrol SI,3,2944.54,8.8,2014,15,,14.6,14.5,13.4,-2.7,-3.3,-10.7
Skoda Slavia,1,Petrol SI,4,2230.72,10.69,2006,19.3,,19,18.7,17.7,-1.6,-3.1,-8.3
VW Virtus,1,Petrol SI,3,1238.99,11.19,2003,12.1,,11.8,11.5,11.4,-2.5,-5,-5.8
Renault Kwid,1,Petrol SI,3,2296.5,10.58,2000,15.5,,15.2,14.7,14.3,-1.9,-5.2,-7.7
Maruti WagonR,1,Petrol SI,4,958.84,8.85,2012,13,,12.8,12.5,11.7,-1.5,-3.8,-10
Maruti Alto K10,1,Petrol SI,3,867.44,10.93,2019,20.1,,19.7,19.2,18,-2,-4.5,-10.4
Hyundai Creta,1.5,Petrol SI,3,1366.9,13.26,2021,12.1,,11.8,11.6,10.9,-2.5,-4.1,-9.9
Mahindra Thar,2,Petrol SI,4,1817.77,8.5,2006,18.1,,17.7,17.2,16.8,-2.2,-5,-7.2
Toyota Innova Hycross,2,Petrol SI,3,2710.2,8.56,2014,11,,10.8,10.6,10.1,-1.8,-3.6,-8.2
Honda Amaze,1.2,Petrol SI,3,2399.77,10.48,2022,15.9,,15.5,15,14.6,-2.5,-5.7,-8.2
Tata Tiago,1.2,Petrol SI,3,2433.95,14.59,2013,13.7,,13.4,12.9,12.4,-2.2,-5.8,-9.5
Nissan Magnite,1,Petrol SI,3,1736.09,12.68,2022,15.6,,15.3,15,14.3,-1.9,-3.8,-8.3
Renault Kiger,1,Petrol SI,4,1561.06,12.75,2018,11.9,,11.6,11.5,10.7,-2.5,-3.4,-10.1
Kia Sonet,1.2,Petrol SI,4,1616.29,10.53,2021,18.3,,17.9,17.5,16.6,-2.2,-4.4,-9.3
MG Hector,1.5,Petrol SI,3,2972.83,12.16,2023,19.1,,18.5,18.5,17.5,-3.1,-3.1,-8.4
Toyota Urban Cruiser,1.5,Petrol SI,4,888.24,8.07,2019,20.1,,19.7,19.2,18.7,-2,-4.5,-7
Tata Punch,1.2,Petrol SI,3,2707.47,12.45,2023,14.7,,14.5,14,13.6,-1.4,-4.8,-7.5
Hyundai Aura,1.2,Petrol SI,4,2073.09,14.39,2017,13.2,,12.9,12.5,12.4,-2.3,-5.3,-6.1
Maruti Brezza,1.5,Petrol SI,3,1764.95,12.29,2009,18.9,,18.5,18.1,17.3,-2.1,-4.2,-8.5
Honda Jazz,1.2,Petrol SI,3,2395.57,14.12,2008,16.7,,16.3,15.8,15.2,-2.4,-5.4,-9
Skoda Kushaq,1,Petrol SI,3,1870.67,13.07,2024,12.7,,12.4,12.2,11.7,-2.4,-3.9,-7.9
Mahindra XUV300,1.2,Petrol SI,3,2721.53,8.84,2007,19.7,,19.4,19,18.3,-1.5,-3.6,-7.1
Maruti Celerio,1,Petrol SI,3,2781.54,14.32,2009,14.3,,13.9,13.7,12.9,-2.8,-4.2,-9.8
Tata Nexon,1.2,Petrol SI,3,1727.79,8.47,2016,19,,18.7,18,17.9,-1.6,-5.3,-5.8
Toyota Fortuner,2.7,Petrol SI,4,1409.02,11.74,2001,19.4,,19,18.4,17.4,-2.1,-5.2,-10.3
Hyundai Tucson,2,Petrol SI,3,2103.17,8.99,2005,14.4,,14.1,13.7,12.9,-2.1,-4.9,-10.4
Maruti Ciaz,1.5,Petrol SI,4,2807.2,8.08,2004,17,,16.7,16.2,15.4,-1.8,-4.7,-9.4
Honda WR-V,1.2,Petrol SI,3,1263.46,10.95,2008,11.7,,11.5,11.2,10.7,-1.7,-4.3,-8.5
Hyundai Venue,1.2,Petrol SI,4,2170.53,10.07,2004,19.8,,19.3,19.2,17.8,-2.5,-3,-10.1
Kia Carens,1.5,Petrol SI,4,2189.43,11.4,2017,12.5,,12.3,11.9,11.3,-1.6,-4.8,-9.6
Maruti Ertiga,1.5,Petrol SI,4,2412.85,12.04,2019,21,,20.6,20.3,19.5,-1.9,-3.3,-7.1
Toyota Camry,2.5,Petrol SI,3,1089.45,8.31,2008,13.7,,13.5,13,12.7,-1.5,-5.1,-7.3
Mahindra Scorpio-N,2,Petrol SI,3,2374.81,8.86,2016,15.2,,14.9,14.5,13.8,-2,-4.6,-9.2
Tata Harrier,2,Diesel CI,4,2799.87,11.91,2016,,17.2,,,,,,
Mahindra XUV700,2.2,Diesel CI,3,1195.3,10.4,2011,,15.8,,,,,,
Hyundai Creta,1.5,Diesel CI,4,1322.6,13.1,2006,,16.9,,,,,,
Kia Seltos,1.5,Diesel CI,3,2937.07,12.57,2002,,16.1,,,,,,
Toyota Innova Crysta,2.4,Diesel CI,4,1198.15,13.92,2009,,16.5,,,,,,
Mahindra Bolero,1.5,Diesel CI,4,2679.65,12.85,2001,,14.6,,,,,,
Tata Safari,2,Diesel CI,3,1883.01,11.01,2024,,16.3,,,,,,
Hyundai Alcazar,1.5,Diesel CI,4,1343.91,12.71,2002,,19.7,,,,,,
MG Hector Plus,2,Diesel CI,3,2715.65,9.93,2015,,16.2,,,,,,
Skoda Octavia,2,Diesel CI,4,1779.67,10.14,2001,,14.6,,,,,,
Renault Duster,1.5,Diesel CI,4,1932.6,13.52,2023,,16.6,,,,,,
Ford EcoSport,1.5,Petrol SI,3,1590.31,11.12,2009,18.9,,18.4,18,17.6,-2.6,-4.8,-6.9
Ford EcoSport,1.5,Diesel CI,3,2104.49,13.59,2005,,15.9,,,,,,
Jeep Compass,2,Diesel CI,3,1159.75,13.76,2021,,17.5,,,,,,
Jeep Meridian,2,Diesel CI,4,1660.38,14,2010,,18.4,,,,,,
Isuzu D-Max,2.5,Diesel CI,3,2932.71,14.42,2022,,16.2,,,,,,
Toyota Hilux,2.8,Diesel CI,4,1367.89,11.02,2006,,18,,,,,,
Kia Carnival,2.2,Diesel CI,4,2244.82,10.23,2014,,15.5,,,,,,
Maruti Swift,1.2,Petrol SI,3,1515.42,12.08,2005,11.5,,11.3,11.1,10.8,-1.7,-3.5,-6.1
Hyundai i20,1.2,Petrol SI,3,2501.64,10.6,2019,21.2,,20.7,20.5,18.9,-2.4,-3.3,-10.8
Tata Altroz,1.2,Petrol SI,4,1087.92,12.21,2008,17.3,,16.9,16.4,15.6,-2.3,-5.2,-9.8
Honda City,1.5,Petrol SI,4,2933.61,12.94,2021,19.6,,19,18.9,17.8,-3.1,-3.6,-9.2
Maruti Baleno,1.2,Petrol SI,3,1798.34,12.82,2019,20.5,,20,19.4,18.3,-2.4,-5.4,-10.7
Toyota Glanza,1.2,Flex-Fuel,3,1319.31,10.62,2011,15,,14.8,14.5,14,-1.3,-3.3,-6.7
Maruti Dzire,1.2,Petrol SI,3,961.69,9.17,2018,13.2,,13,12.7,12.3,-1.5,-3.8,-6.8
Hyundai Verna,1.5,Petrol SI,3,1173.47,11.01,2019,11.9,,11.7,11.4,11.1,-1.7,-4.2,-6.7
Kia Seltos,1.5,Petrol SI,3,1943.5,9,2002,17,,16.7,16.4,15.4,-1.8,-3.5,-9.4
Skoda Slavia,1,Petrol SI,4,1541.41,14.23,2014,20,,19.5,19.3,18.2,-2.5,-3.5,-9
VW Virtus,1,Petrol SI,4,2623.54,10.42,2001,20.8,,20.5,20.1,19.5,-1.4,-3.4,-6.3
Renault Kwid,1,Petrol SI,4,1747.95,9.08,2020,16,,15.5,15.4,14.3,-3.1,-3.7,-10.6
Maruti WagonR,1,Petrol SI,4,1347.17,8.18,2001,20.2,,19.7,19.4,18.3,-2.5,-4,-9.4
Maruti Alto K10,1,Petrol SI,3,2157.72,12.52,2021,13.4,,13.3,12.6,12.4,-0.7,-6,-7.5
Hyundai Creta,1.5,Petrol SI,3,2354.91,12.46,2002,20.6,,20.3,19.4,19.1,-1.5,-5.8,-7.3
Mahindra Thar,2,Petrol SI,3,1167.49,10.38,2005,20.6,,20.1,19.6,18.8,-2.4,-4.9,-8.7
Toyota Innova Hycross,2,Petrol SI,4,1168.76,8.5,2014,20.6,,20.3,19.8,19,-1.5,-3.9,-7.8
Honda Amaze,1.2,Petrol SI,4,880.68,10.87,2009,14.5,,14.2,13.7,13.1,-2.1,-5.5,-9.7
Tata Tiago,1.2,Petrol SI,3,2420.08,10.18,2008,21.8,,21.3,20.8,20.5,-2.3,-4.6,-6
Nissan Magnite,1,Petrol SI,3,2260.37,12.74,2000,12,,11.8,11.3,11.1,-1.7,-5.8,-7.5
Renault Kiger,1,Petrol SI,4,1844.19,12.24,2015,12,,11.7,11.6,11.2,-2.5,-3.3,-6.7
Kia Sonet,1.2,Petrol SI,4,2657.17,10.55,2005,20.6,,20.3,19.6,18.4,-1.5,-4.9,-10.7
MG Hector,1.5,Petrol SI,3,2572.47,9.53,2008,20,,19.7,19,18.1,-1.5,-5,-9.5
Toyota Urban Cruiser,1.5,Petrol SI,3,2087.78,14.92,2003,21.5,,20.9,20.6,20.2,-2.8,-4.2,-6
Tata Punch,1.2,Petrol SI,4,2710.2,11.18,2001,11.2,,11,10.8,10.3,-1.8,-3.6,-8
Hyundai Aura,1.2,Petrol SI,3,1252.85,12.82,2003,16.3,,16,15.7,14.8,-1.8,-3.7,-9.2
Maruti Brezza,1.5,Petrol SI,3,1046.22,8.98,2000,15.5,,15.3,15,14.4,-1.3,-3.2,-7.1
Honda Jazz,1.2,Petrol SI,3,1393.45,11.4,2018,15.6,,15.1,14.8,14,-3.2,-5.1,-10.3
Skoda Kushaq,1,Petrol SI,4,925.59,8.19,2024,17.7,,17.4,17,16,-1.7,-4,-9.6
Mahindra XUV300,1.2,Petrol SI,4,1968.57,11.54,2009,18,,17.5,17.4,16.4,-2.8,-3.3,-8.9
Maruti Celerio,1,Petrol SI,4,2860.53,14.75,2020,15.4,,15.1,14.5,13.8,-1.9,-5.8,-10.4
Tata Nexon,1.2,Petrol SI,4,886.56,10.69,2014,13.7,,13.5,13,12.4,-1.5,-5.1,-9.5
Toyota Fortuner,2.7,Petrol SI,4,1068.64,8.27,2021,20.6,,20.3,20,19.4,-1.5,-2.9,-5.8
Hyundai Tucson,2,Petrol SI,4,1794.84,8.22,2018,13.7,,13.5,13.1,12.5,-1.5,-4.4,-8.8
Maruti Ciaz,1.5,Petrol SI,4,2854.53,10.72,2015,21.4,,21.1,20.5,19.6,-1.4,-4.2,-8.4
Honda WR-V,1.2,Petrol SI,3,1495.54,9.12,2020,18.1,,17.6,17.3,16.2,-2.8,-4.4,-10.5
Hyundai Venue,1.2,Petrol SI,3,1915.92,8.16,2023,17,,16.7,16.1,15.4,-1.8,-5.3,-9.4
Kia Carens,1.5,Petrol SI,3,891.46,13.29,2021,16.5,,16,16,14.9,-3,-3,-9.7
Maruti Ertiga,1.5,Petrol SI,3,1126.36,11.21,2003,16.9,,16.5,16,15.1,-2.4,-5.3,-10.7
Toyota Camry,2.5,Petrol SI,3,2970.59,10.02,2001,20.8,,20.6,19.7,18.8,-1,-5.3,-9.6
Mahindra Scorpio-N,2,Petrol SI,3,2923.26,14.3,2024,17.1,,16.8,16.3,15.3,-1.8,-4.7,-10.5
Tata Harrier,2,Diesel CI,3,810.87,8.81,2012,,18.9,,,,,,
Mahindra XUV700,2.2,Diesel CI,4,2893.99,14.69,2000,,14.7,,,,,,
Hyundai Creta,1.5,Diesel CI,4,2206.06,10.2,2016,,16.2,,,,,,
Kia Seltos,1.5,Diesel CI,3,2709.42,14.22,2012,,19.2,,,,,,
Toyota Innova Crysta,2.4,Diesel CI,3,1800.43,12.22,2003,,16.5,,,,,,
Mahindra Bolero,1.5,Diesel CI,4,1934.31,13.79,2006,,18.1,,,,,,
Tata Safari,2,Diesel CI,3,1875.46,14.89,2016,,16.2,,,,,,
Hyundai Alcazar,1.5,Diesel CI,3,2267.1,10.02,2008,,15.2,,,,,,
MG Hector Plus,2,Diesel CI,4,1107.23,14.73,2003,,19.5,,,,,,
Skoda Octavia,2,Diesel CI,3,865.94,10.73,2018,,18.9,,,,,,
Renault Duster,1.5,Diesel CI,4,1477.45,10.7,2000,,18.9,,,,,,
Ford EcoSport,1.5,Petrol SI,3,2350.3,10.38,2009,15.2,,15,14.6,13.8,-1.3,-3.9,-9.2
Ford EcoSport,1.5,Diesel CI,4,1244.08,11.79,2003,,15.5,,,,,,
Jeep Compass,2,Diesel CI,4,2281.55,9.08,2008,,14.5,,,,,,
Jeep Meridian,2,Diesel CI,4,2933.81,11.88,2012,,17.2,,,,,,
Isuzu D-Max,2.5,Diesel CI,3,1006.58,11.79,2013,,19.1,,,,,,
Toyota Hilux,2.8,Diesel CI,4,2279.72,13.33,2009,,16.5,,,,,,
Kia Carnival,2.2,Diesel CI,3,1776.25,13.84,2005,,18.9,,,,,,
Maruti Swift,1.2,Petrol SI,3,2709.91,11.08,2015,12.7,,12.3,12.2,11.4,-3.1,-3.9,-10.2
Hyundai i20,1.2,Petrol SI,3,1189.73,10.12,2005,14.2,,13.9,13.6,13.2,-2.1,-4.2,-7
Tata Altroz,1.2,Petrol SI,3,2323.78,9.82,2016,20.6,,20.1,19.4,19,-2.4,-5.8,-7.8
Honda City,1.5,Petrol SI,4,2643.85,9.36,2009,20.8,,20.3,19.9,19.2,-2.4,-4.3,-7.7
Maruti Baleno,1.2,Petrol SI,4,2878.15,8.4,2017,12.7,,12.4,12.1,11.8,-2.4,-4.7,-7.1
Toyota Glanza,1.2,Flex-Fuel,3,2303.15,10.4,2021,15.7,,15.4,14.8,14.7,-1.9,-5.7,-6.4
Maruti Dzire,1.2,Petrol SI,3,1893.78,9.89,2017,12,,11.8,11.6,11.1,-1.7,-3.3,-7.5
Hyundai Verna,1.5,Petrol SI,4,2159.26,14.76,2002,18.9,,18.7,17.8,17.4,-1.1,-5.8,-7.9
Kia Seltos,1.5,Petrol SI,3,2711.59,11.9,2019,15.7,,15.3,15.2,14.8,-2.5,-3.2,-5.7
Skoda Slavia,1,Petrol SI,4,2055.34,10.43,2020,19.5,,19.2,18.8,17.5,-1.5,-3.6,-10.3
VW Virtus,1,Petrol SI,3,866.85,12.06,2024,21.4,,21.2,20.7,19.1,-0.9,-3.3,-10.7
Renault Kwid,1,Petrol SI,3,2848.09,8.97,2014,11.5,,11.3,10.9,10.6,-1.7,-5.2,-7.8
Maruti WagonR,1,Petrol SI,4,2316.96,11.11,2014,17,,16.8,16.4,16,-1.2,-3.5,-5.9
Maruti Alto K10,1,Petrol SI,3,2288.33,12.38,2003,20.2,,20,19.4,18.2,-1,-4,-9.9
Hyundai Creta,1.5,Petrol SI,4,1274.49,11.42,2008,14.8,,14.5,14.3,13.9,-2,-3.4,-6.1
Mahindra Thar,2,Petrol SI,3,2249.55,10.81,2018,12.6,,12.4,12.2,11.8,-1.6,-3.2,-6.3
Toyota Innova Hycross,2,Petrol SI,3,1666.5,14.96,2023,13.2,,12.9,12.7,12,-2.3,-3.8,-9.1
Honda Amaze,1.2,Petrol SI,3,2232.71,14.16,2016,13.6,,13.4,13.1,12.2,-1.5,-3.7,-10.3
Tata Tiago,1.2,Petrol SI,4,1034.5,12.36,2010,16.5,,16.2,15.7,15,-1.8,-4.8,-9.1
Nissan Magnite,1,Petrol SI,3,2247.26,11.99,2024,13.6,,13.5,13.1,12.4,-0.7,-3.7,-8.8
Renault Kiger,1,Petrol SI,3,2998.71,12.34,2008,11.7,,11.6,11.3,10.9,-0.9,-3.4,-6.8
Kia Sonet,1.2,Petrol SI,3,906.07,9.41,2009,14.1,,13.8,13.3,13,-2.1,-5.7,-7.8
MG Hector,1.5,Petrol SI,3,2949.78,10.77,2017,12.2,,12,11.6,11.2,-1.6,-4.9,-8.2
Toyota Urban Cruiser,1.5,Petrol SI,4,1695.2,8.28,2019,15.9,,15.7,15,14.9,-1.3,-5.7,-6.3
Tata Punch,1.2,Petrol SI,4,2715.66,11.33,2012,20.1,,19.7,19.1,18.7,-2,-5,-7
Hyundai Aura,1.2,Petrol SI,3,2521.25,11.8,2007,18.4,,18.2,17.6,16.7,-1.1,-4.3,-9.2
Maruti Brezza,1.5,Petrol SI,4,2047.44,9.59,2006,21.2,,20.9,20.2,19.6,-1.4,-4.7,-7.5
Honda Jazz,1.2,Petrol SI,3,2424.59,14.75,2016,11,,10.7,10.6,9.9,-2.7,-3.6,-10
Skoda Kushaq,1,Petrol SI,3,2732.73,14.37,2020,18.2,,17.8,17.2,17,-2.2,-5.5,-6.6
Mahindra XUV300,1.2,Petrol SI,3,1689.11,13.06,2022,19.2,,18.7,18.2,17.4,-2.6,-5.2,-9.4
Maruti Celerio,1,Petrol SI,4,1519.47,11.73,2014,16.9,,16.6,16.1,15.5,-1.8,-4.7,-8.3
Tata Nexon,1.2,Petrol SI,4,2268.71,14.09,2019,15.1,,14.9,14.6,14,-1.3,-3.3,-7.3
Toyota Fortuner,2.7,Petrol SI,4,2577.26,8.91,2014,15.3,,15,14.7,13.8,-2,-3.9,-9.8
Hyundai Tucson,2,Petrol SI,4,2477.03,13.53,2000,20.5,,20.3,19.3,18.7,-1,-5.9,-8.8
Maruti Ciaz,1.5,Petrol SI,4,2555.19,8.87,2024,14.4,,14.2,13.8,13,-1.4,-4.2,-9.7
Honda WR-V,1.2,Petrol SI,4,1758.28,13.56,2013,18.6,,18.4,17.9,16.6,-1.1,-3.8,-10.8
Hyundai Venue,1.2,Petrol SI,4,2599.24,9.93,2004,17.1,,16.7,16.5,15.5,-2.3,-3.5,-9.4
Kia Carens,1.5,Petrol SI,4,1064.46,14.14,2010,13.2,,12.8,12.8,12.3,-3,-3,-6.8
Maruti Ertiga,1.5,Petrol SI,4,1997.88,14.61,2015,13.7,,13.4,13,12.6,-2.2,-5.1,-8
Toyota Camry,2.5,Petrol SI,3,812.67,9.04,2001,11.7,,11.4,11.1,10.6,-2.6,-5.1,-9.4
Mahindra Scorpio-N,2,Petrol SI,4,1514.09,11.24,2007,21.1,,20.6,20,19.6,-2.4,-5.2,-7.1
Tata Harrier,2,Diesel CI,4,1606.22,14.87,2010,,14,,,,,,
Mahindra XUV700,2.2,Diesel CI,4,1671.58,11.38,2017,,19.4,,,,,,
Hyundai Creta,1.5,Diesel CI,4,2330.03,14.04,2002,,18.9,,,,,,
Kia Seltos,1.5,Diesel CI,4,1654.83,12.12,2000,,15.8,,,,,,
Toyota Innova Crysta,2.4,Diesel CI,4,1787.13,10.63,2010,,17.2,,,,,,
Mahindra Bolero,1.5,Diesel CI,4,1322.6,10,2015,,15.5,,,,,,
Tata Safari,2,Diesel CI,4,1621.15,9.42,2017,,17.2,,,,,,
Hyundai Alcazar,1.5,Diesel CI,4,1299.99,13.33,2015,,18.9,,,,,,
MG Hector Plus,2,Diesel CI,4,961.03,10.71,2022,,14.6,,,,,,
Skoda Octavia,2,Diesel CI,4,2127.59,11.58,2009,,15.9,,,,,,
Renault Duster,1.5,Diesel CI,3,2270.07,11.45,2017,,19.7,,,,,,
Ford EcoSport,1.5,Petrol SI,3,2162.88,12.04,2005,18.6,,18,17.5,17,-3.2,-5.9,-8.6
Ford EcoSport,1.5,Diesel CI,4,1819.69,14.06,2018,,15.2,,,,,,
Jeep Compass,2,Diesel CI,4,1635.53,14.87,2003,,14.1,,,,,,
Jeep Meridian,2,Diesel CI,3,2699.33,10.85,2012,,15.7,,,,,,
